{
    "path": "./experiments/version_7",
    "source_paths": [
        "data/pima_indian_diabetes/diabetes_cleaned_normalized.csv",
        "data/pima_indian_diabetes/diabetes_discretized.csv"
    ],
    "experiment_name": "pima_indian_diabetes_cv_3",
    "seed": 42,
    "n_splits": 5,
    "n_unsupervised": 15,
    "c1": 10,
    "c2": 1000,
    "result": {
        "fold_0": {
            "linear svm (L)": {
                "accuracy": 0.3283582089552239,
                "precision": 0.3283582089552239,
                "recall": 1.0,
                "f1": 0.4943820224719101,
                "auc": 0.8151515151515152,
                "n_violation": 19,
                "n_rule": 34,
                "violation_rate": 0.5588235294117647
            },
            "non-linear svm (L)": {
                "accuracy": 0.7164179104477612,
                "precision": 0.5576923076923077,
                "recall": 0.6590909090909091,
                "f1": 0.6041666666666667,
                "auc": 0.782070707070707,
                "n_violation": 24,
                "n_rule": 34,
                "violation_rate": 0.7058823529411765
            }
        },
        "fold_1": {
            "linear svm (L)": {
                "accuracy": 0.3656716417910448,
                "precision": 0.3656716417910448,
                "recall": 1.0,
                "f1": 0.53551912568306,
                "auc": 0.7042016806722688,
                "n_violation": 23,
                "n_rule": 37,
                "violation_rate": 0.6216216216216216
            },
            "non-linear svm (L)": {
                "accuracy": 0.6417910447761194,
                "precision": 0.5084745762711864,
                "recall": 0.6122448979591837,
                "f1": 0.5555555555555556,
                "auc": 0.7361344537815125,
                "n_violation": 28,
                "n_rule": 37,
                "violation_rate": 0.7567567567567568
            }
        },
        "fold_2": {
            "linear svm (L)": {
                "accuracy": 0.3358208955223881,
                "precision": 0.3383458646616541,
                "recall": 0.9782608695652174,
                "f1": 0.5027932960893855,
                "auc": 0.22628458498023715,
                "n_violation": 28,
                "n_rule": 40,
                "violation_rate": 0.7
            },
            "non-linear svm (L)": {
                "accuracy": 0.6417910447761194,
                "precision": 0.4852941176470588,
                "recall": 0.717391304347826,
                "f1": 0.5789473684210527,
                "auc": 0.787302371541502,
                "n_violation": 24,
                "n_rule": 40,
                "violation_rate": 0.6
            }
        },
        "fold_3": {
            "linear svm (L)": {
                "accuracy": 0.6492537313432836,
                "precision": 0.391304347826087,
                "recall": 0.84375,
                "f1": 0.5346534653465347,
                "auc": 0.8284313725490196,
                "n_violation": 27,
                "n_rule": 39,
                "violation_rate": 0.6923076923076923
            },
            "non-linear svm (L)": {
                "accuracy": 0.6791044776119403,
                "precision": 0.417910447761194,
                "recall": 0.875,
                "f1": 0.5656565656565657,
                "auc": 0.828125,
                "n_violation": 24,
                "n_rule": 39,
                "violation_rate": 0.6153846153846154
            }
        },
        "fold_4": {
            "linear svm (L)": {
                "accuracy": 0.6492537313432836,
                "precision": 0.5,
                "recall": 0.8297872340425532,
                "f1": 0.624,
                "auc": 0.7745169968207386,
                "n_violation": 20,
                "n_rule": 29,
                "violation_rate": 0.6896551724137931
            },
            "non-linear svm (L)": {
                "accuracy": 0.7238805970149254,
                "precision": 0.5892857142857143,
                "recall": 0.7021276595744681,
                "f1": 0.6407766990291263,
                "auc": 0.8041085840058695,
                "n_violation": 19,
                "n_rule": 29,
                "violation_rate": 0.6551724137931034
            }
        }
    }
}