,rule,type,coef,support,importance
5,Glucose_High,linear,1.3007265436471107,1.0,0.5180937743257255
12,BMI_Low,linear,-0.6348725572284303,1.0,0.29498378888281845
