,rule,type,coef,support,importance
3,Glucose_Low,linear,-1.2432788984195273,1.0,0.49521174159759423
5,Glucose_High,linear,1.364582106321637,1.0,0.5454505918742797
12,BMI_Low,linear,-0.6641067225952993,1.0,0.3085669950972951
1347,Glucose_High <= 0.5 & Pregnancies_Low > 0.5 & Age_Low > 0.5 & BMI_Medium > 0.5 & DiabetesPedigreeFunction_Low > 0.5 & SkinThickness_Low <= 0.5,rule,-0.6801743000208428,0.09144542772861357,0.19605445950116426
