,antecedents,consequents,support,confidence,lift,antecedents_length,n_violation,n_violation (instance),n_evaluation (instance)
0,Glucose_High,Outcome,0.1417910447761194,0.7378640776699029,2.3402079623140115,1,0,0,30
1,Outcome,BMI_Medium,0.2220149253731343,0.7041420118343196,1.2665104642389104,1,,,
2,Pregnancies_Low ⊗ Outcome,BMI_Medium,0.1175373134328358,0.75,1.348993288590604,2,,,
3,Pregnancies_Low ⊗ Outcome,Age_Low,0.1119402985074626,0.7142857142857143,1.0664544369279745,2,,,
4,Outcome ⊗ Age_Low,Pregnancies_Low,0.1119402985074626,0.7500000000000001,1.1518624641833812,2,,,
5,Outcome ⊗ Glucose_Medium,BMI_Medium,0.1119402985074626,0.7058823529411764,1.2696407422029212,2,,,
6,Outcome ⊗ BloodPressure_Medium,BMI_Medium,0.1492537313432835,0.7142857142857143,1.2847555129434325,2,,,
7,Outcome ⊗ Age_Low,BloodPressure_Medium,0.1063432835820895,0.7125,1.1134110787172011,2,,,
8,Outcome ⊗ SkinThickness_Medium,BMI_Medium,0.1231343283582089,0.7674418604651163,1.3803652255345715,2,,,
