,antecedents,consequents,antecedent support,consequent support,support,confidence,lift,leverage,conviction,zhangs_metric
0,frozenset({'Glucose_High'}),frozenset({'Outcome'}),0.208955223880597,0.34701492537313433,0.15298507462686567,0.7321428571428572,2.109831029185868,0.08047449320561373,2.4378109452736325,0.664979291302347
11,"frozenset({'Pregnancies_Low', 'Outcome'})",frozenset({'Age_Low'}),0.16791044776119404,0.6828358208955224,0.12686567164179105,0.7555555555555555,1.1064966605950213,0.012210403207841378,1.2974898236092263,0.11566868900026366
12,"frozenset({'BMI_Medium', 'Glucose_High'})",frozenset({'Outcome'}),0.13805970149253732,0.34701492537313433,0.1044776119402985,0.7567567567567567,2.180761406567858,0.05656883492982846,2.684494195688225,0.6281694495980209
13,"frozenset({'SkinThickness_Medium', 'Outcome'})",frozenset({'BMI_Medium'}),0.17537313432835822,0.5597014925373134,0.1287313432835821,0.7340425531914894,1.3114893617021277,0.030574738249053254,1.6555223880597016,0.28801888648435975
