,antecedents,consequents,antecedent support,consequent support,support,confidence,lift,leverage,conviction,zhangs_metric
0,'Glucose_High','Outcome',0.19962686567164178,0.3246268656716418,0.14365671641791045,0.719626168224299,2.2167794607369213,0.07885247271107151,2.408830845771144,0.6857990494354131
12,"'Outcome', 'Pregnancies_Low'",'Age_Low',0.16417910447761194,0.6809701492537313,0.1287313432835821,0.7840909090909092,1.1514321295143215,0.01693027400311875,1.477611940298508,0.1573498964803314
13,"'Age_Low', 'Outcome'",'Pregnancies_Low',0.17350746268656717,0.6548507462686567,0.1287313432835821,0.7419354838709677,1.1329841007260362,0.015109851860102483,1.3374533582089554,0.14201589949946028
14,"'Glucose_Medium', 'Outcome'",'BloodPressure_Medium',0.16977611940298507,0.6585820895522388,0.12313432835820895,0.7252747252747253,1.1012670049497244,0.011322816885720649,1.2427611940298504,0.11075927817500851
