,antecedents,consequents,antecedent support,consequent support,support,confidence,lift,leverage,conviction,zhangs_metric
0,frozenset({'Glucose_High'}),frozenset({'Outcome'}),0.19776119402985073,0.3208955223880597,0.13992537313432835,0.7075471698113207,2.204914436156209,0.07646469146803296,2.322099181511796,0.6811782945736434
11,"frozenset({'Outcome', 'Pregnancies_Low'})",frozenset({'Age_Low'}),0.15111940298507462,0.664179104477612,0.11380597014925373,0.7530864197530864,1.1338604522125122,0.0134356204054355,1.3600746268656716,0.1390740407133849
12,"frozenset({'Age_Low', 'Outcome'})",frozenset({'Pregnancies_Low'}),0.15671641791044777,0.6268656716417911,0.11380597014925373,0.7261904761904762,1.1584467120181405,0.015565827578525274,1.36275146009085,0.1621935296677788
13,"frozenset({'Outcome', 'SkinThickness_Medium'})",frozenset({'BMI_Medium'}),0.1623134328358209,0.5634328358208955,0.11567164179104478,0.7126436781609196,1.2648245413716983,0.02421892403653375,1.5192537313432837,0.24994611681873702
