{
    "path": "./experiments/version_4",
    "source_paths": [
        "data/pima_indian_diabetes/diabetes_cleaned_normalized.csv",
        "data/pima_indian_diabetes/diabetes_discretized.csv"
    ],
    "experiment_name": "pima_indian_diabetes_cv_3",
    "seed": 42,
    "n_splits": 5,
    "n_unsupervised": 15,
    "c1": 10,
    "c2": 20,
    "result": {
        "fold_0": {
            "linear svm (L)": {
                "accuracy": 0.3283582089552239,
                "precision": 0.3283582089552239,
                "recall": 1.0,
                "f1": 0.4943820224719101,
                "auc": 0.25,
                "n_violation": 19,
                "n_rule": 34,
                "violation_rate": 0.5588235294117647
            },
            "non-linear svm (L)": {
                "accuracy": 0.6940298507462687,
                "precision": 0.5283018867924528,
                "recall": 0.6363636363636364,
                "f1": 0.5773195876288659,
                "auc": 0.7926767676767676,
                "n_violation": 23,
                "n_rule": 34,
                "violation_rate": 0.6764705882352942
            }
        },
        "fold_1": {
            "linear svm (L)": {
                "accuracy": 0.3656716417910448,
                "precision": 0.3656716417910448,
                "recall": 1.0,
                "f1": 0.53551912568306,
                "auc": 0.49123649459783914,
                "n_violation": 24,
                "n_rule": 36,
                "violation_rate": 0.6666666666666666
            },
            "non-linear svm (L)": {
                "accuracy": 0.6716417910447762,
                "precision": 0.5396825396825397,
                "recall": 0.6938775510204082,
                "f1": 0.6071428571428572,
                "auc": 0.7743097238895558,
                "n_violation": 26,
                "n_rule": 36,
                "violation_rate": 0.7222222222222222
            }
        },
        "fold_2": {
            "linear svm (L)": {
                "accuracy": 0.746268656716418,
                "precision": 0.6153846153846154,
                "recall": 0.6956521739130435,
                "f1": 0.6530612244897959,
                "auc": 0.7922430830039525,
                "n_violation": 32,
                "n_rule": 40,
                "violation_rate": 0.8
            },
            "non-linear svm (L)": {
                "accuracy": 0.7388059701492538,
                "precision": 0.5932203389830508,
                "recall": 0.7608695652173914,
                "f1": 0.6666666666666667,
                "auc": 0.8078063241106719,
                "n_violation": 26,
                "n_rule": 40,
                "violation_rate": 0.65
            }
        },
        "fold_3": {
            "linear svm (L)": {
                "accuracy": 0.6567164179104478,
                "precision": 0.4,
                "recall": 0.875,
                "f1": 0.5490196078431373,
                "auc": 0.8057598039215687,
                "n_violation": 17,
                "n_rule": 39,
                "violation_rate": 0.4358974358974359
            },
            "non-linear svm (L)": {
                "accuracy": 0.7313432835820896,
                "precision": 0.46774193548387094,
                "recall": 0.90625,
                "f1": 0.6170212765957447,
                "auc": 0.8587622549019608,
                "n_violation": 26,
                "n_rule": 39,
                "violation_rate": 0.6666666666666666
            }
        },
        "fold_4": {
            "linear svm (L)": {
                "accuracy": 0.6940298507462687,
                "precision": 0.5428571428571428,
                "recall": 0.8085106382978723,
                "f1": 0.6495726495726495,
                "auc": 0.7945707997065297,
                "n_violation": 19,
                "n_rule": 30,
                "violation_rate": 0.6333333333333333
            },
            "non-linear svm (L)": {
                "accuracy": 0.7761194029850746,
                "precision": 0.6349206349206349,
                "recall": 0.851063829787234,
                "f1": 0.7272727272727273,
                "auc": 0.8686720469552458,
                "n_violation": 18,
                "n_rule": 30,
                "violation_rate": 0.6
            }
        }
    }
}