{
    "path": "./experiments",
    "source_paths": [
        "data/pima_indian_diabetes/diabetes_cleaned_normalized.csv",
        "data/pima_indian_diabetes/diabetes_discretized.csv",
        "data/pima_indian_diabetes/rules_3.txt"
    ],
    "experiment_name": "pima_indian_diabetes_cv_1",
    "seed": 42,
    "n_splits": 5,
    "n_unsupervised": 15,
    "c1": 10,
    "c2": 10,
    "result": {
        "fold_0": {
            "accuracy": 0.6940298507462687,
            "precision": 0.5272727272727272,
            "recall": 0.6590909090909091,
            "f1": 0.5858585858585857,
            "auc": 0.7883838383838384,
            "n_violation": 13,
            "n_rule": 24,
            "violation_rate": 0.5416666666666666
        },
        "fold_1": {
            "accuracy": 0.664179104477612,
            "precision": 0.53125,
            "recall": 0.6938775510204082,
            "f1": 0.6017699115044248,
            "auc": 0.7618247298919568,
            "n_violation": 14,
            "n_rule": 24,
            "violation_rate": 0.5833333333333334
        },
        "fold_2": {
            "accuracy": 0.7014925373134329,
            "precision": 0.5483870967741935,
            "recall": 0.7391304347826086,
            "f1": 0.6296296296296297,
            "auc": 0.8117588932806323,
            "n_violation": 14,
            "n_rule": 24,
            "violation_rate": 0.5833333333333334
        },
        "fold_3": {
            "accuracy": 0.7910447761194029,
            "precision": 0.5370370370370371,
            "recall": 0.90625,
            "f1": 0.6744186046511628,
            "auc": 0.8753063725490196,
            "n_violation": 12,
            "n_rule": 24,
            "violation_rate": 0.5
        },
        "fold_4": {
            "accuracy": 0.7313432835820896,
            "precision": 0.5774647887323944,
            "recall": 0.8723404255319149,
            "f1": 0.6949152542372881,
            "auc": 0.8625580826607973,
            "n_violation": 14,
            "n_rule": 24,
            "violation_rate": 0.5833333333333334
        }
    }
}