{
    "path": "./experiments",
    "source_paths": [
        "data/pima_indian_diabetes/diabetes_cleaned_normalized.csv",
        "data/pima_indian_diabetes/diabetes_discretized.csv",
        "data/pima_indian_diabetes/rules_3.txt"
    ],
    "experiment_name": "pima_indian_diabetes_cv_1",
    "seed": 42,
    "n_splits": 5,
    "n_unsupervised": 15,
    "c1": 10,
    "c2": 10,
    "result": {
        "fold_0": {
            "linear svm (L)": {
                "accuracy": 0.7388059701492538,
                "precision": 0.6046511627906976,
                "recall": 0.5909090909090909,
                "f1": 0.5977011494252873,
                "auc": 0.7818181818181819,
                "n_violation": 13,
                "n_rule": 24,
                "violation_rate": 0.5416666666666666
            },
            "non-linear svm (L)": {
                "accuracy": 0.6940298507462687,
                "precision": 0.5294117647058824,
                "recall": 0.6136363636363636,
                "f1": 0.5684210526315789,
                "auc": 0.7883838383838384,
                "n_violation": 13,
                "n_rule": 24,
                "violation_rate": 0.5416666666666666
            },
            "linear svm": {
                "accuracy": 0.7686567164179104,
                "precision": 0.696969696969697,
                "recall": 0.5227272727272727,
                "f1": 0.5974025974025974,
                "auc": 0.8095959595959595,
                "n_violation": 20,
                "n_rule": 24,
                "violation_rate": 0.8333333333333334
            },
            "non-linear svm": {
                "accuracy": 0.8059701492537313,
                "precision": 0.8214285714285714,
                "recall": 0.5227272727272727,
                "f1": 0.6388888888888888,
                "auc": 0.8166666666666667,
                "n_violation": 20,
                "n_rule": 24,
                "violation_rate": 0.8333333333333334
            },
            "RuleFit Classifier (disc)": {
                "accuracy": 0.7761194029850746,
                "precision": 0.7333333333333333,
                "recall": 0.5,
                "f1": 0.5945945945945945,
                "auc": 0.8343434343434344,
                "n_violation": 17,
                "n_rule": 24,
                "violation_rate": 0.7083333333333334
            },
            "tree generator (disc)": {
                "accuracy": 0.7761194029850746,
                "precision": 0.675,
                "recall": 0.6136363636363636,
                "f1": 0.6428571428571429,
                "auc": 0.8170454545454545,
                "n_violation": 17,
                "n_rule": 24,
                "violation_rate": 0.7083333333333334
            },
            "RuleFit Classifier (conti)": {
                "accuracy": 0.746268656716418,
                "precision": 0.631578947368421,
                "recall": 0.5454545454545454,
                "f1": 0.5853658536585366,
                "auc": 0.7972222222222222,
                "n_violation": 20,
                "n_rule": 24,
                "violation_rate": 0.8333333333333334
            },
            "tree generator (conti)": {
                "accuracy": 0.7761194029850746,
                "precision": 0.6842105263157895,
                "recall": 0.5909090909090909,
                "f1": 0.6341463414634148,
                "auc": 0.8347222222222223,
                "n_violation": 16,
                "n_rule": 24,
                "violation_rate": 0.6666666666666666
            }
        },
        "fold_1": {
            "linear svm (L)": {
                "accuracy": 0.5970149253731343,
                "precision": 0.45901639344262296,
                "recall": 0.5714285714285714,
                "f1": 0.5090909090909091,
                "auc": 0.683313325330132,
                "n_violation": 16,
                "n_rule": 24,
                "violation_rate": 0.6666666666666666
            },
            "non-linear svm (L)": {
                "accuracy": 0.664179104477612,
                "precision": 0.53125,
                "recall": 0.6938775510204082,
                "f1": 0.6017699115044248,
                "auc": 0.7618247298919568,
                "n_violation": 14,
                "n_rule": 24,
                "violation_rate": 0.5833333333333334
            },
            "linear svm": {
                "accuracy": 0.7089552238805971,
                "precision": 0.6470588235294118,
                "recall": 0.4489795918367347,
                "f1": 0.5301204819277109,
                "auc": 0.7860744297719087,
                "n_violation": 21,
                "n_rule": 24,
                "violation_rate": 0.875
            },
            "non-linear svm": {
                "accuracy": 0.7164179104477612,
                "precision": 0.6774193548387096,
                "recall": 0.42857142857142855,
                "f1": 0.525,
                "auc": 0.7769507803121247,
                "n_violation": 21,
                "n_rule": 24,
                "violation_rate": 0.875
            },
            "RuleFit Classifier (disc)": {
                "accuracy": 0.7313432835820896,
                "precision": 0.7096774193548387,
                "recall": 0.4489795918367347,
                "f1": 0.5499999999999999,
                "auc": 0.7366146458583434,
                "n_violation": 17,
                "n_rule": 24,
                "violation_rate": 0.7083333333333334
            },
            "tree generator (disc)": {
                "accuracy": 0.6567164179104478,
                "precision": 0.5294117647058824,
                "recall": 0.5510204081632653,
                "f1": 0.54,
                "auc": 0.7020408163265306,
                "n_violation": 17,
                "n_rule": 24,
                "violation_rate": 0.7083333333333334
            },
            "RuleFit Classifier (conti)": {
                "accuracy": 0.664179104477612,
                "precision": 0.5454545454545454,
                "recall": 0.4897959183673469,
                "f1": 0.5161290322580645,
                "auc": 0.7394957983193278,
                "n_violation": 22,
                "n_rule": 24,
                "violation_rate": 0.9166666666666666
            },
            "tree generator (conti)": {
                "accuracy": 0.7388059701492538,
                "precision": 0.675,
                "recall": 0.5510204081632653,
                "f1": 0.6067415730337078,
                "auc": 0.7651860744297718,
                "n_violation": 21,
                "n_rule": 24,
                "violation_rate": 0.875
            }
        },
        "fold_2": {
            "linear svm (L)": {
                "accuracy": 0.6791044776119403,
                "precision": 0.5223880597014925,
                "recall": 0.7608695652173914,
                "f1": 0.6194690265486725,
                "auc": 0.7826086956521738,
                "n_violation": 15,
                "n_rule": 24,
                "violation_rate": 0.625
            },
            "non-linear svm (L)": {
                "accuracy": 0.7313432835820896,
                "precision": 0.5862068965517241,
                "recall": 0.7391304347826086,
                "f1": 0.6538461538461539,
                "auc": 0.8117588932806323,
                "n_violation": 13,
                "n_rule": 24,
                "violation_rate": 0.5416666666666666
            },
            "linear svm": {
                "accuracy": 0.7910447761194029,
                "precision": 0.78125,
                "recall": 0.5434782608695652,
                "f1": 0.641025641025641,
                "auc": 0.8263339920948617,
                "n_violation": 16,
                "n_rule": 24,
                "violation_rate": 0.6666666666666666
            },
            "non-linear svm": {
                "accuracy": 0.7910447761194029,
                "precision": 0.8,