,rule,type,coef,support,importance
3,Glucose_Low,linear,-1.3935750790083627,1.0,0.5530938968743211
5,Glucose_High,linear,1.3333980594912922,1.0,0.5421094384771526
