,rule,type,coef,support,importance
3,Glucose_Low,linear,-1.2447932122074394,1.0,0.4958149095345636
5,Glucose_High,linear,1.3655240842661318,1.0,0.5458271191825134
12,BMI_Low,linear,-0.6650908625770758,1.0,0.3090242606339925
1352,Glucose_High <= 0.5 & Pregnancies_Low > 0.5 & Age_Low > 0.5 & BMI_Medium > 0.5 & DiabetesPedigreeFunction_Low > 0.5 & SkinThickness_Low <= 0.5,rule,-0.6805950417907175,0.09144542772861357,0.19617573473940808
