{
    "path": "./experiments/version_9",
    "source_paths": [
        "data/pima_indian_diabetes/diabetes_cleaned_normalized.csv",
        "data/pima_indian_diabetes/diabetes_discretized.csv"
    ],
    "experiment_name": "pima_indian_diabetes_cv_3",
    "seed": 42,
    "n_splits": 5,
    "n_unsupervised": 15,
    "c1": 10,
    "c2": 1,
    "result": {
        "fold_0": {
            "linear svm (L)": {
                "accuracy": 0.35074626865671643,
                "precision": 0.3333333333333333,
                "recall": 0.9772727272727273,
                "f1": 0.4971098265895954,
                "auc": 0.7065656565656565,
                "n_violation": 20,
                "n_rule": 34,
                "violation_rate": 0.5882352941176471
            },
            "non-linear svm (L)": {
                "accuracy": 0.6716417910447762,
                "precision": 0.5,
                "recall": 0.7272727272727273,
                "f1": 0.5925925925925926,
                "auc": 0.7946969696969697,
                "n_violation": 23,
                "n_rule": 34,
                "violation_rate": 0.6764705882352942
            }
        },
        "fold_1": {
            "linear svm (L)": {
                "accuracy": 0.6492537313432836,
                "precision": 0.5138888888888888,
                "recall": 0.7551020408163265,
                "f1": 0.6115702479338843,
                "auc": 0.7411764705882352,
                "n_violation": 27,
                "n_rule": 36,
                "violation_rate": 0.75
            },
            "non-linear svm (L)": {
                "accuracy": 0.6940298507462687,
                "precision": 0.5606060606060606,
                "recall": 0.7551020408163265,
                "f1": 0.6434782608695652,
                "auc": 0.7827130852340936,
                "n_violation": 27,
                "n_rule": 36,
                "violation_rate": 0.75
            }
        },
        "fold_2": {
            "linear svm (L)": {
                "accuracy": 0.34328358208955223,
                "precision": 0.34328358208955223,
                "recall": 1.0,
                "f1": 0.5111111111111112,
                "auc": 0.2433300395256917,
                "n_violation": 24,
                "n_rule": 40,
                "violation_rate": 0.6
            },
            "non-linear svm (L)": {
                "accuracy": 0.746268656716418,
                "precision": 0.603448275862069,
                "recall": 0.7608695652173914,
                "f1": 0.673076923076923,
                "auc": 0.8211462450592886,
                "n_violation": 25,
                "n_rule": 40,
                "violation_rate": 0.625
            }
        },
        "fold_3": {
            "linear svm (L)": {
                "accuracy": 0.5671641791044776,
                "precision": 0.34146341463414637,
                "recall": 0.875,
                "f1": 0.4912280701754386,
                "auc": 0.8100490196078431,
                "n_violation": 30,
                "n_rule": 36,
                "violation_rate": 0.8333333333333334
            },
            "non-linear svm (L)": {
                "accuracy": 0.7985074626865671,
                "precision": 0.5490196078431373,
                "recall": 0.875,
                "f1": 0.674698795180723,
                "auc": 0.8832720588235294,
                "n_violation": 19,
                "n_rule": 36,
                "violation_rate": 0.5277777777777778
            }
        },
        "fold_4": {
            "linear svm (L)": {
                "accuracy": 0.6268656716417911,
                "precision": 0.4819277108433735,
                "recall": 0.851063829787234,
                "f1": 0.6153846153846153,
                "auc": 0.797750061139643,
                "n_violation": 22,
                "n_rule": 30,
                "violation_rate": 0.7333333333333333
            },
            "non-linear svm (L)": {
                "accuracy": 0.7761194029850746,
                "precision": 0.6440677966101694,
                "recall": 0.8085106382978723,
                "f1": 0.7169811320754716,
                "auc": 0.8532648569332355,
                "n_violation": 15,
                "n_rule": 30,
                "violation_rate": 0.5
            }
        }
    }
}