,rule,support,confidence,lift
1,Glucose_High → Outcome,0.1529850746268656,0.7321428571428572,2.109831029185868
92,Glucose_High BMI_Medium → Outcome,0.1044776119402985,0.7567567567567567,2.180761406567858
94,Glucose_High → BMI_Medium,0.1044776119402985,0.5,2.126984126984127
94,Glucose_High → Outcome,0.1044776119402985,0.5,2.126984126984127
445,Pregnancies_Low BMI_Low → SkinThickness_Low,0.1417910447761194,0.6129032258064516,2.053225806451613
445,Pregnancies_Low BMI_Low → Age_Low,0.1417910447761194,0.6129032258064516,2.053225806451613
