{
    "path": "./experiments/version_10",
    "source_paths": [
        "data/pima_indian_diabetes/diabetes_cleaned_normalized.csv",
        "data/pima_indian_diabetes/diabetes_discretized.csv"
    ],
    "experiment_name": "pima_indian_diabetes_cv_3",
    "seed": 42,
    "n_splits": 5,
    "n_unsupervised": 15,
    "c1": 10,
    "c2": 0.1,
    "result": {
        "fold_0": {
            "linear svm (L)": {
                "accuracy": 0.6716417910447762,
                "precision": 0.5,
                "recall": 0.8636363636363636,
                "f1": 0.6333333333333333,
                "auc": 0.794949494949495,
                "n_violation": 21,
                "n_rule": 34,
                "violation_rate": 0.6176470588235294
            },
            "non-linear svm (L)": {
                "accuracy": 0.664179104477612,
                "precision": 0.49206349206349204,
                "recall": 0.7045454545454546,
                "f1": 0.5794392523364486,
                "auc": 0.797979797979798,
                "n_violation": 23,
                "n_rule": 34,
                "violation_rate": 0.6764705882352942
            }
        },
        "fold_1": {
            "linear svm (L)": {
                "accuracy": 0.39552238805970147,
                "precision": 0.3769230769230769,
                "recall": 1.0,
                "f1": 0.547486033519553,
                "auc": 0.7440576230492196,
                "n_violation": 23,
                "n_rule": 37,
                "violation_rate": 0.6216216216216216
            },
            "non-linear svm (L)": {
                "accuracy": 0.6940298507462687,
                "precision": 0.5555555555555556,
                "recall": 0.8163265306122449,
                "f1": 0.6611570247933884,
                "auc": 0.7839135654261704,
                "n_violation": 28,
                "n_rule": 37,
                "violation_rate": 0.7567567567567568
            }
        },
        "fold_2": {
            "linear svm (L)": {
                "accuracy": 0.34328358208955223,
                "precision": 0.34328358208955223,
                "recall": 1.0,
                "f1": 0.5111111111111112,
                "auc": 0.7833498023715415,
                "n_violation": 23,
                "n_rule": 40,
                "violation_rate": 0.575
            },
            "non-linear svm (L)": {
                "accuracy": 0.7313432835820896,
                "precision": 0.5892857142857143,
                "recall": 0.717391304347826,
                "f1": 0.6470588235294118,
                "auc": 0.8176877470355731,
                "n_violation": 23,
                "n_rule": 40,
                "violation_rate": 0.575
            }
        },
        "fold_3": {
            "linear svm (L)": {
                "accuracy": 0.23880597014925373,
                "precision": 0.23880597014925373,
                "recall": 1.0,
                "f1": 0.38554216867469876,
                "auc": 0.15410539215686272,
                "n_violation": 24,
                "n_rule": 39,
                "violation_rate": 0.6153846153846154
            },
            "non-linear svm (L)": {
                "accuracy": 0.7835820895522388,
                "precision": 0.5283018867924528,
                "recall": 0.875,
                "f1": 0.6588235294117648,
                "auc": 0.8808210784313726,
                "n_violation": 20,
                "n_rule": 39,
                "violation_rate": 0.5128205128205128
            }
        },
        "fold_4": {
            "linear svm (L)": {
                "accuracy": 0.6044776119402985,
                "precision": 0.46938775510204084,
                "recall": 0.9787234042553191,
                "f1": 0.6344827586206897,
                "auc": 0.7948153582783076,
                "n_violation": 16,
                "n_rule": 29,
                "violation_rate": 0.5517241379310345
            },
            "non-linear svm (L)": {
                "accuracy": 0.7686567164179104,
                "precision": 0.6379310344827587,
                "recall": 0.7872340425531915,
                "f1": 0.7047619047619048,
                "auc": 0.8527757397896796,
                "n_violation": 17,
                "n_rule": 29,
                "violation_rate": 0.5862068965517241
            }
        }
    }
}