,rule,type,coef,support,importance
3,Glucose_Low,linear,-1.3091112729344832,1.0,0.5390951351954286
5,Glucose_High,linear,1.126899555569446,1.0,0.4440000085194515
12,BMI_Low,linear,-0.9324689636167595,1.0,0.4366148526480308
8198,Glucose_Low <= 0.5 & Glucose_High <= 0.5 & BloodPressure_Low > 0.5 & Age_Medium <= 0.5 & Pregnancies_High <= 0.5,rule,-0.6618976504800198,0.10059171597633136,0.19909043226368286
10124,BMI_Low <= 0.5 & Pregnancies_High > 0.5 & DiabetesPedigreeFunction_Low <= 0.5,rule,0.8538740304120843,0.030303030303030304,0.1463709374990238
10926,BMI_Low <= 0.5 & Glucose_Low <= 0.5 & Glucose_Medium <= 0.5 & DiabetesPedigreeFunction_High <= 0.5 & BloodPressure_Medium <= 0.5,rule,1.1732715765890496,0.045317220543806644,0.24403927535694978
