{
    "path": "./experiments/version_2",
    "source_paths": [
        "data/pima_indian_diabetes/diabetes_cleaned_normalized.csv",
        "data/pima_indian_diabetes/diabetes_discretized.csv"
    ],
    "experiment_name": "pima_indian_diabetes_cv_2",
    "seed": 42,
    "n_splits": 5,
    "n_unsupervised": 15,
    "c1": 10,
    "c2": 10,
    "result": {
        "fold_0": {
            "RuleFit Classifier (disc)": {
                "accuracy": 0.7761194029850746,
                "precision": 0.7333333333333333,
                "recall": 0.5,
                "f1": 0.5945945945945945,
                "auc": 0.8353535353535353,
                "n_violation": 27,
                "n_rule": 34,
                "violation_rate": 0.7941176470588235
            },
            "tree generator (disc)": {
                "accuracy": 0.7761194029850746,
                "precision": 0.675,
                "recall": 0.6136363636363636,
                "f1": 0.6428571428571429,
                "auc": 0.8170454545454545,
                "n_violation": 23,
                "n_rule": 34,
                "violation_rate": 0.6764705882352942
            },
            "RuleFit Classifier (conti)": {
                "accuracy": 0.746268656716418,
                "precision": 0.631578947368421,
                "recall": 0.5454545454545454,
                "f1": 0.5853658536585366,
                "auc": 0.7972222222222222,
                "n_violation": 29,
                "n_rule": 34,
                "violation_rate": 0.8529411764705882
            },
            "tree generator (conti)": {
                "accuracy": 0.7761194029850746,
                "precision": 0.6842105263157895,
                "recall": 0.5909090909090909,
                "f1": 0.6341463414634148,
                "auc": 0.8347222222222223,
                "n_violation": 28,
                "n_rule": 34,
                "violation_rate": 0.8235294117647058
            },
            "linear svm (L)": {
                "accuracy": 0.3283582089552239,
                "precision": 0.3283582089552239,
                "recall": 1.0,
                "f1": 0.4943820224719101,
                "auc": 0.21237373737373738,
                "n_violation": 19,
                "n_rule": 34,
                "violation_rate": 0.5588235294117647
            },
            "non-linear svm (L)": {
                "accuracy": 0.6865671641791045,
                "precision": 0.5185185185185185,
                "recall": 0.6363636363636364,
                "f1": 0.5714285714285714,
                "auc": 0.7835858585858585,
                "n_violation": 25,
                "n_rule": 34,
                "violation_rate": 0.7352941176470589
            },
            "linear svm": {
                "accuracy": 0.7686567164179104,
                "precision": 0.696969696969697,
                "recall": 0.5227272727272727,
                "f1": 0.5974025974025974,
                "auc": 0.8095959595959595,
                "n_violation": 30,
                "n_rule": 34,
                "violation_rate": 0.8823529411764706
            },
            "non-linear svm": {
                "accuracy": 0.8059701492537313,
                "precision": 0.8214285714285714,
                "recall": 0.5227272727272727,
                "f1": 0.6388888888888888,
                "auc": 0.8166666666666667,
                "n_violation": 30,
                "n_rule": 34,
                "violation_rate": 0.8823529411764706
            }
        },
        "fold_1": {
            "RuleFit Classifier (disc)": {
                "accuracy": 0.7313432835820896,
                "precision": 0.7096774193548387,
                "recall": 0.4489795918367347,
                "f1": 0.5499999999999999,
                "auc": 0.736374549819928,
                "n_violation": 33,
                "n_rule": 37,
                "violation_rate": 0.8918918918918919
            },
            "tree generator (disc)": {
                "accuracy": 0.6567164179104478,
                "precision": 0.5294117647058824,
                "recall": 0.5510204081632653,
                "f1": 0.54,
                "auc": 0.7020408163265306,
                "n_violation": 28,
                "n_rule": 37,
                "violation_rate": 0.7567567567567568
            },
            "RuleFit Classifier (conti)": {
                "accuracy": 0.664179104477612,
                "precision": 0.5454545454545454,
                "recall": 0.4897959183673469,
                "f1": 0.5161290322580645,
                "auc": 0.7394957983193278,
                "n_violation": 36,
                "n_rule": 37,
                "violation_rate": 0.972972972972973
            },
            "tree generator (conti)": {
                "accuracy": 0.7388059701492538,
                "precision": 0.675,
                "recall": 0.5510204081632653,
                "f1": 0.6067415730337078,
                "auc": 0.7651860744297718,
                "n_violation": 35,
                "n_rule": 37,
                "violation_rate": 0.9459459459459459
            },
            "linear svm (L)": {
                "accuracy": 0.664179104477612,
                "precision": 0.5303030303030303,
                "recall": 0.7142857142857143,
                "f1": 0.608695652173913,
                "auc": 0.7423769507803121,
                "n_violation": 30,
                "n_rule": 37,
                "violation_rate": 0.8108108108108109
            },
            "non-linear svm (L)": {
                "accuracy": 0.6791044776119403,
                "precision": 0.55,
                "recall": 0.673469387755102,
                "f1": 0.6055045871559633,
                "auc": 0.7714285714285715,
                "n_violation": 28,
                "n_rule": 37,
                "violation_rate": 0.7567567567567568
            },
            "linear svm": {
                "accuracy": 0.7089552238805971,
                "precision": 0.6470588235294118,
                "recall": 0.4489795918367347,
                "f1": 0.5301204819277109,
                "auc": 0.7860744297719087,
                "n_violation": 34,
                "n_rule": 37,
                "violation_rate": 0.918918918918919
            },
            "non-linear svm": {
                "accuracy": 0.7164179104477612,
                "precision": 0.6774193548387096,
                "recall": 0.42857142857142855,
                "f1": 0.525,
                "auc": 0.7769507803121247,
                "n_violation": 34,
                "n_rule": 37,
                "violation_rate": 0.918918918918919
            }
        },
        "fold_2": {
            "RuleFit Classifier (disc)": {
                "accuracy": 0.7985074626865671,
                "precision": 0.8275862068965517,
                "recall": 0.5217391304347826,
                "f1": 0.64,
                "auc": 0.8276926877470356,
                "n_violation": 33,
                "n_rule": 39,
                "violation_rate": 0.8461538461538461
            },
            "tree generator (disc)": {
                "accuracy": 0.7611940298507462,
                "precision": 0.7333333333333333,
                "recall": 0.4782608695652174,
                "f1": 0.5789473684210527,
                "auc": 0.7870553359683793,
                "n_violation": 29,
                "n_rule": 39,
                "violation_rate": 0.7435897435897436
            },
            "RuleFit Classifier (conti)": {
                "accuracy": 0.7611940298507462,
                "precision": 0.6842105263157895,
                "recall": 0.5652173913043478,
                "f1": 0.6190476190476191,
                "auc": 0.8021245059288538,
                "n_violation": 31,
                "n_rule": 39,
                "violation_rate": 0.7948717948717948
            },
            "tree generator (conti)": {
                "accuracy": 0.7985074626865671,