{
    "path": "./experiments/version_6",
    "source_paths": [
        "data/pima_indian_diabetes/diabetes_cleaned_normalized.csv",
        "data/pima_indian_diabetes/diabetes_discretized.csv"
    ],
    "experiment_name": "pima_indian_diabetes_cv_3",
    "seed": 42,
    "n_splits": 5,
    "n_unsupervised": 15,
    "c1": 10,
    "c2": 100,
    "result": {
        "fold_0": {
            "linear svm (L)": {
                "accuracy": 0.3283582089552239,
                "precision": 0.3283582089552239,
                "recall": 1.0,
                "f1": 0.4943820224719101,
                "auc": 0.4744949494949494,
                "n_violation": 19,
                "n_rule": 34,
                "violation_rate": 0.5588235294117647
            },
            "non-linear svm (L)": {
                "accuracy": 0.753731343283582,
                "precision": 0.627906976744186,
                "recall": 0.6136363636363636,
                "f1": 0.6206896551724139,
                "auc": 0.7843434343434343,
                "n_violation": 28,
                "n_rule": 34,
                "violation_rate": 0.8235294117647058
            }
        },
        "fold_1": {
            "linear svm (L)": {
                "accuracy": 0.3656716417910448,
                "precision": 0.3656716417910448,
                "recall": 1.0,
                "f1": 0.53551912568306,
                "auc": 0.2660264105642257,
                "n_violation": 23,
                "n_rule": 37,
                "violation_rate": 0.6216216216216216
            },
            "non-linear svm (L)": {
                "accuracy": 0.664179104477612,
                "precision": 0.5370370370370371,
                "recall": 0.5918367346938775,
                "f1": 0.5631067961165048,
                "auc": 0.7582232893157264,
                "n_violation": 26,
                "n_rule": 37,
                "violation_rate": 0.7027027027027027
            }
        },
        "fold_2": {
            "linear svm (L)": {
                "accuracy": 0.34328358208955223,
                "precision": 0.34328358208955223,
                "recall": 1.0,
                "f1": 0.5111111111111112,
                "auc": 0.26926877470355726,
                "n_violation": 23,
                "n_rule": 40,
                "violation_rate": 0.575
            },
            "non-linear svm (L)": {
                "accuracy": 0.7164179104477612,
                "precision": 0.6,
                "recall": 0.5217391304347826,
                "f1": 0.5581395348837209,
                "auc": 0.7776679841897234,
                "n_violation": 24,
                "n_rule": 40,
                "violation_rate": 0.6
            }
        },
        "fold_3": {
            "linear svm (L)": {
                "accuracy": 0.7388059701492538,
                "precision": 0.47619047619047616,
                "recall": 0.9375,
                "f1": 0.631578947368421,
                "auc": 0.8596813725490196,
                "n_violation": 22,
                "n_rule": 36,
                "violation_rate": 0.6111111111111112
            },
            "non-linear svm (L)": {
                "accuracy": 0.582089552238806,
                "precision": 0.35,
                "recall": 0.875,
                "f1": 0.4999999999999999,
                "auc": 0.7987132352941176,
                "n_violation": 28,
                "n_rule": 36,
                "violation_rate": 0.7777777777777778
            }
        },
        "fold_4": {
            "linear svm (L)": {
                "accuracy": 0.7164179104477612,
                "precision": 0.5569620253164557,
                "recall": 0.9361702127659575,
                "f1": 0.6984126984126984,
                "auc": 0.8283198826118856,
                "n_violation": 17,
                "n_rule": 29,
                "violation_rate": 0.5862068965517241
            },
            "non-linear svm (L)": {
                "accuracy": 0.8134328358208955,
                "precision": 0.75,
                "recall": 0.7021276595744681,
                "f1": 0.7252747252747254,
                "auc": 0.8615798483736854,
                "n_violation": 16,
                "n_rule": 29,
                "violation_rate": 0.5517241379310345
            }
        }
    }
}