{
    "path": "./experiments/version_11",
    "source_paths": [
        "data/pima_indian_diabetes/diabetes_cleaned_normalized.csv",
        "data/pima_indian_diabetes/diabetes_discretized.csv"
    ],
    "experiment_name": "pima_indian_diabetes_cv_4",
    "seed": 42,
    "n_splits": 5,
    "n_unsupervised": 1,
    "c1": 10,
    "c2": 10,
    "result": {
        "fold_0": {
            "linear svm (L)": {
                "accuracy": 0.3283582089552239,
                "precision": 0.3283582089552239,
                "recall": 1.0,
                "f1": 0.4943820224719101,
                "auc": 0.7575757575757577,
                "n_violation": 19,
                "n_rule": 34,
                "violation_rate": 0.5588235294117647
            },
            "non-linear svm (L)": {
                "accuracy": 0.6940298507462687,
                "precision": 0.5238095238095238,
                "recall": 0.75,
                "f1": 0.6168224299065421,
                "auc": 0.7967171717171717,
                "n_violation": 23,
                "n_rule": 34,
                "violation_rate": 0.6764705882352942
            }
        },
        "fold_1": {
            "linear svm (L)": {
                "accuracy": 0.6268656716417911,
                "precision": 0.4935064935064935,
                "recall": 0.7755102040816326,
                "f1": 0.6031746031746031,
                "auc": 0.7008403361344537,
                "n_violation": 26,
                "n_rule": 37,
                "violation_rate": 0.7027027027027027
            },
            "non-linear svm (L)": {
                "accuracy": 0.6791044776119403,
                "precision": 0.546875,
                "recall": 0.7142857142857143,
                "f1": 0.6194690265486725,
                "auc": 0.7798319327731091,
                "n_violation": 27,
                "n_rule": 37,
                "violation_rate": 0.7297297297297297
            }
        },
        "fold_2": {
            "linear svm (L)": {
                "accuracy": 0.34328358208955223,
                "precision": 0.34328358208955223,
                "recall": 1.0,
                "f1": 0.5111111111111112,
                "auc": 0.7675395256916996,
                "n_violation": 21,
                "n_rule": 39,
                "violation_rate": 0.5384615384615384
            },
            "non-linear svm (L)": {
                "accuracy": 0.7388059701492538,
                "precision": 0.6,
                "recall": 0.717391304347826,
                "f1": 0.6534653465346534,
                "auc": 0.825592885375494,
                "n_violation": 22,
                "n_rule": 39,
                "violation_rate": 0.5641025641025641
            }
        },
        "fold_3": {
            "linear svm (L)": {
                "accuracy": 0.23880597014925373,
                "precision": 0.23880597014925373,
                "recall": 1.0,
                "f1": 0.38554216867469876,
                "auc": 0.6703431372549019,
                "n_violation": 25,
                "n_rule": 40,
                "violation_rate": 0.625
            },
            "non-linear svm (L)": {
                "accuracy": 0.8208955223880597,
                "precision": 0.5952380952380952,
                "recall": 0.78125,
                "f1": 0.6756756756756757,
                "auc": 0.8817401960784315,
                "n_violation": 17,
                "n_rule": 40,
                "violation_rate": 0.425
            }
        },
        "fold_4": {
            "linear svm (L)": {
                "accuracy": 0.3880597014925373,
                "precision": 0.3643410852713178,
                "recall": 1.0,
                "f1": 0.5340909090909091,
                "auc": 0.8280753240401075,
                "n_violation": 16,
                "n_rule": 29,
                "violation_rate": 0.5517241379310345
            },
            "non-linear svm (L)": {
                "accuracy": 0.7611940298507462,
                "precision": 0.6190476190476191,
                "recall": 0.8297872340425532,
                "f1": 0.7090909090909091,
                "auc": 0.8544876497921252,
                "n_violation": 15,
                "n_rule": 29,
                "violation_rate": 0.5172413793103449
            }
        }
    }
}