,rule,support,confidence,lift
1,Glucose_High → Outcome,0.1399253731343283,0.7075471698113207,2.204914436156209
435,Pregnancies_Low BMI_Low → SkinThickness_Low,0.125,0.5929203539823009,2.132921541842371
435,Pregnancies_Low BMI_Low → Age_Low,0.125,0.5929203539823009,2.132921541842371
