,rule,type,coef,support,importance
3,Glucose_Low,linear,-1.2381040767972125,1.0,0.49315055288820564
5,Glucose_High,linear,1.3670326868127605,1.0,0.5464301376070916
