,rule,type,coef,support,importance
5,Glucose_High,linear,1.28282434933538,1.0,0.510963132251127
12,BMI_Low,linear,-0.6270248879714295,1.0,0.29133748981858537
