,rule,type,coef,support,importance
3,Glucose_Low,linear,-1.0897475030041337,1.0,0.4473537281082433
5,Glucose_High,linear,1.21968743153801,1.0,0.4823278086720612
