{
    "path": "./experiments/version_14",
    "source_paths": [
        "data/pima_indian_diabetes/diabetes_cleaned_normalized.csv",
        "data/pima_indian_diabetes/diabetes_discretized.csv"
    ],
    "experiment_name": "pima_indian_diabetes_cv_4",
    "seed": 42,
    "n_splits": 5,
    "n_unsupervised": 50,
    "c1": 10,
    "c2": 10,
    "result": {
        "fold_0": {
            "linear svm (L)": {
                "accuracy": 0.664179104477612,
                "precision": 0.49230769230769234,
                "recall": 0.7272727272727273,
                "f1": 0.5871559633027523,
                "auc": 0.7621212121212121,
                "n_violation": 23,
                "n_rule": 34,
                "violation_rate": 0.6764705882352942
            },
            "non-linear svm (L)": {
                "accuracy": 0.7014925373134329,
                "precision": 0.5416666666666666,
                "recall": 0.5909090909090909,
                "f1": 0.5652173913043478,
                "auc": 0.7891414141414141,
                "n_violation": 24,
                "n_rule": 34,
                "violation_rate": 0.7058823529411765
            }
        },
        "fold_1": {
            "linear svm (L)": {
                "accuracy": 0.29850746268656714,
                "precision": 0.3076923076923077,
                "recall": 0.7346938775510204,
                "f1": 0.43373493975903615,
                "auc": 0.258343337334934,
                "n_violation": 27,
                "n_rule": 37,
                "violation_rate": 0.7297297297297297
            },
            "non-linear svm (L)": {
                "accuracy": 0.7014925373134329,
                "precision": 0.5633802816901409,
                "recall": 0.8163265306122449,
                "f1": 0.6666666666666666,
                "auc": 0.7846338535414166,
                "n_violation": 26,
                "n_rule": 37,
                "violation_rate": 0.7027027027027027
            }
        },
        "fold_2": {
            "linear svm (L)": {
                "accuracy": 0.34328358208955223,
                "precision": 0.3409090909090909,
                "recall": 0.9782608695652174,
                "f1": 0.5056179775280898,
                "auc": 0.34832015810276684,
                "n_violation": 27,
                "n_rule": 39,
                "violation_rate": 0.6923076923076923
            },
            "non-linear svm (L)": {
                "accuracy": 0.6791044776119403,
                "precision": 0.5245901639344263,
                "recall": 0.6956521739130435,
                "f1": 0.5981308411214953,
                "auc": 0.7959486166007905,
                "n_violation": 27,
                "n_rule": 39,
                "violation_rate": 0.6923076923076923
            }
        },
        "fold_3": {
            "linear svm (L)": {
                "accuracy": 0.5746268656716418,
                "precision": 0.345679012345679,
                "recall": 0.875,
                "f1": 0.4955752212389381,
                "auc": 0.7282475490196079,
                "n_violation": 23,
                "n_rule": 38,
                "violation_rate": 0.6052631578947368
            },
            "non-linear svm (L)": {
                "accuracy": 0.7611940298507462,
                "precision": 0.5,
                "recall": 0.90625,
                "f1": 0.6444444444444445,
                "auc": 0.8857230392156863,
                "n_violation": 18,
                "n_rule": 38,
                "violation_rate": 0.47368421052631576
            }
        },
        "fold_4": {
            "linear svm (L)": {
                "accuracy": 0.746268656716418,
                "precision": 0.5915492957746479,
                "recall": 0.8936170212765957,
                "f1": 0.711864406779661,
                "auc": 0.8473954512105649,
                "n_violation": 15,
                "n_rule": 29,
                "violation_rate": 0.5172413793103449
            },
            "non-linear svm (L)": {
                "accuracy": 0.7313432835820896,
                "precision": 0.582089552238806,
                "recall": 0.8297872340425532,
                "f1": 0.6842105263157895,
                "auc": 0.8388359011983371,
                "n_violation": 19,
                "n_rule": 29,
                "violation_rate": 0.6551724137931034
            }
        }
    }
}