,rule,type,coef,support,importance
3,Glucose_Low,linear,-1.0913877452234124,1.0,0.4480270661702917
5,Glucose_High,linear,1.2197382525240292,1.0,0.4823479059315618
12,BMI_Low,linear,-0.9894849602760163,1.0,0.46331175297531435
7876,Glucose_Low <= 0.5 & Glucose_Medium > 0.5 & DiabetesPedigreeFunction_Medium <= 0.5 & BloodPressure_High > 0.5 & SkinThickness_Low > 0.5,rule,-0.9728544943214287,0.043731778425655975,0.19894650813158532
11229,BMI_Low <= 0.5 & DiabetesPedigreeFunction_Low <= 0.5 & Pregnancies_Low <= 0.5 & Pregnancies_Medium <= 0.5,rule,0.8991840795225666,0.03235294117647059,0.15909773008133668
