{
    "path": "./experiments/version_3",
    "source_paths": [
        "data/pima_indian_diabetes/diabetes_cleaned_normalized.csv",
        "data/pima_indian_diabetes/diabetes_discretized.csv"
    ],
    "experiment_name": "pima_indian_diabetes_cv_3",
    "seed": 42,
    "n_splits": 5,
    "n_unsupervised": 15,
    "c1": 10,
    "c2": 10,
    "result": {
        "fold_0": {
            "linear svm (L)": {
                "accuracy": 0.3283582089552239,
                "precision": 0.3283582089552239,
                "recall": 1.0,
                "f1": 0.4943820224719101,
                "auc": 0.21237373737373738,
                "n_violation": 19,
                "n_rule": 34,
                "violation_rate": 0.5588235294117647
            },
            "non-linear svm (L)": {
                "accuracy": 0.6865671641791045,
                "precision": 0.5192307692307693,
                "recall": 0.6136363636363636,
                "f1": 0.5625,
                "auc": 0.7835858585858585,
                "n_violation": 25,
                "n_rule": 34,
                "violation_rate": 0.7352941176470589
            }
        },
        "fold_1": {
            "linear svm (L)": {
                "accuracy": 0.6567164179104478,
                "precision": 0.5211267605633803,
                "recall": 0.7551020408163265,
                "f1": 0.6166666666666667,
                "auc": 0.7483793517406963,
                "n_violation": 32,
                "n_rule": 38,
                "violation_rate": 0.8421052631578947
            },
            "non-linear svm (L)": {
                "accuracy": 0.6791044776119403,
                "precision": 0.55,
                "recall": 0.673469387755102,
                "f1": 0.6055045871559633,
                "auc": 0.7680672268907563,
                "n_violation": 29,
                "n_rule": 38,
                "violation_rate": 0.7631578947368421
            }
        },
        "fold_2": {
            "linear svm (L)": {
                "accuracy": 0.34328358208955223,
                "precision": 0.34328358208955223,
                "recall": 1.0,
                "f1": 0.5111111111111112,
                "auc": 0.23147233201581027,
                "n_violation": 23,
                "n_rule": 40,
                "violation_rate": 0.575
            },
            "non-linear svm (L)": {
                "accuracy": 0.7014925373134329,
                "precision": 0.5483870967741935,
                "recall": 0.7391304347826086,
                "f1": 0.6296296296296297,
                "auc": 0.8127470355731226,
                "n_violation": 29,
                "n_rule": 40,
                "violation_rate": 0.725
            }
        },
        "fold_3": {
            "linear svm (L)": {
                "accuracy": 0.6716417910447762,
                "precision": 0.4142857142857143,
                "recall": 0.90625,
                "f1": 0.5686274509803921,
                "auc": 0.8201593137254902,
                "n_violation": 19,
                "n_rule": 37,
                "violation_rate": 0.5135135135135135
            },
            "non-linear svm (L)": {
                "accuracy": 0.7910447761194029,
                "precision": 0.5357142857142857,
                "recall": 0.9375,
                "f1": 0.6818181818181818,
                "auc": 0.8734681372549019,
                "n_violation": 20,
                "n_rule": 37,
                "violation_rate": 0.5405405405405406
            }
        },
        "fold_4": {
            "linear svm (L)": {
                "accuracy": 0.6567164179104478,
                "precision": 0.5066666666666667,
                "recall": 0.8085106382978723,
                "f1": 0.6229508196721312,
                "auc": 0.7945707997065297,
                "n_violation": 18,
                "n_rule": 29,
                "violation_rate": 0.6206896551724138
            },
            "non-linear svm (L)": {
                "accuracy": 0.7238805970149254,
                "precision": 0.5757575757575758,
                "recall": 0.8085106382978723,
                "f1": 0.672566371681416,
                "auc": 0.8615798483736855,
                "n_violation": 18,
                "n_rule": 29,
                "violation_rate": 0.6206896551724138
            }
        }
    }
}