{
    "path": "./experiments/version_12",
    "source_paths": [
        "data/pima_indian_diabetes/diabetes_cleaned_normalized.csv",
        "data/pima_indian_diabetes/diabetes_discretized.csv"
    ],
    "experiment_name": "pima_indian_diabetes_cv_4",
    "seed": 42,
    "n_splits": 5,
    "n_unsupervised": 5,
    "c1": 10,
    "c2": 10,
    "result": {
        "fold_0": {
            "linear svm (L)": {
                "accuracy": 0.6567164179104478,
                "precision": 0.4878048780487805,
                "recall": 0.9090909090909091,
                "f1": 0.6349206349206349,
                "auc": 0.7977272727272727,
                "n_violation": 21,
                "n_rule": 33,
                "violation_rate": 0.6363636363636364
            },
            "non-linear svm (L)": {
                "accuracy": 0.6940298507462687,
                "precision": 0.5306122448979592,
                "recall": 0.5909090909090909,
                "f1": 0.5591397849462366,
                "auc": 0.7896464646464647,
                "n_violation": 26,
                "n_rule": 33,
                "violation_rate": 0.7878787878787878
            }
        },
        "fold_1": {
            "linear svm (L)": {
                "accuracy": 0.3656716417910448,
                "precision": 0.3656716417910448,
                "recall": 1.0,
                "f1": 0.53551912568306,
                "auc": 0.2866746698679472,
                "n_violation": 23,
                "n_rule": 36,
                "violation_rate": 0.6388888888888888
            },
            "non-linear svm (L)": {
                "accuracy": 0.6791044776119403,
                "precision": 0.546875,
                "recall": 0.7142857142857143,
                "f1": 0.6194690265486725,
                "auc": 0.7788715486194477,
                "n_violation": 26,
                "n_rule": 36,
                "violation_rate": 0.7222222222222222
            }
        },
        "fold_2": {
            "linear svm (L)": {
                "accuracy": 0.6567164179104478,
                "precision": 0.5,
                "recall": 0.782608695652174,
                "f1": 0.6101694915254238,
                "auc": 0.7771739130434783,
                "n_violation": 26,
                "n_rule": 40,
                "violation_rate": 0.65
            },
            "non-linear svm (L)": {
                "accuracy": 0.7238805970149254,
                "precision": 0.5818181818181818,
                "recall": 0.6956521739130435,
                "f1": 0.6336633663366337,
                "auc": 0.8233695652173914,
                "n_violation": 23,
                "n_rule": 40,
                "violation_rate": 0.575
            }
        },
        "fold_3": {
            "linear svm (L)": {
                "accuracy": 0.23880597014925373,
                "precision": 0.23880597014925373,
                "recall": 1.0,
                "f1": 0.38554216867469876,
                "auc": 0.14430147058823528,
                "n_violation": 22,
                "n_rule": 36,
                "violation_rate": 0.6111111111111112
            },
            "non-linear svm (L)": {
                "accuracy": 0.7388059701492538,
                "precision": 0.47540983606557374,
                "recall": 0.90625,
                "f1": 0.6236559139784946,
                "auc": 0.8792892156862745,
                "n_violation": 22,
                "n_rule": 36,
                "violation_rate": 0.6111111111111112
            }
        },
        "fold_4": {
            "linear svm (L)": {
                "accuracy": 0.35074626865671643,
                "precision": 0.35074626865671643,
                "recall": 1.0,
                "f1": 0.5193370165745856,
                "auc": 0.20151626314502324,
                "n_violation": 17,
                "n_rule": 30,
                "violation_rate": 0.5666666666666667
            },
            "non-linear svm (L)": {
                "accuracy": 0.7611940298507462,
                "precision": 0.631578947368421,
                "recall": 0.7659574468085106,
                "f1": 0.6923076923076923,
                "auc": 0.8530202983614575,
                "n_violation": 14,
                "n_rule": 30,
                "violation_rate": 0.4666666666666667
            }
        }
    }
}