{
    "path": "./experiments/version_32",
    "source_paths": [
        "data/pima_indian_diabetes/diabetes_cleaned_normalized.csv",
        "data/pima_indian_diabetes/diabetes_discretized.csv"
    ],
    "experiment_name": "pima_indian_diabetes_cv_3",
    "seed": 42,
    "n_splits": 5,
    "n_unsupervised": 5,
    "c1": 10,
    "c2": 10,
    "result": {
        "fold_0": {
            "RuleFit Classifier (disc)": {
                "accuracy": 0.7761194029850746,
                "precision": 0.7333333333333333,
                "recall": 0.5,
                "f1": 0.5945945945945945,
                "auc": 0.8343434343434344,
                "n_violation": 27,
                "n_rule": 34,
                "violation_rate": 0.7941176470588235
            },
            "tree generator (disc)": {
                "accuracy": 0.7761194029850746,
                "precision": 0.675,
                "recall": 0.6136363636363636,
                "f1": 0.6428571428571429,
                "auc": 0.8170454545454545,
                "n_violation": 23,
                "n_rule": 34,
                "violation_rate": 0.6764705882352942
            },
            "RuleFit Classifier (conti)": {
                "accuracy": 0.746268656716418,
                "precision": 0.631578947368421,
                "recall": 0.5454545454545454,
                "f1": 0.5853658536585366,
                "auc": 0.7972222222222222,
                "n_violation": 29,
                "n_rule": 34,
                "violation_rate": 0.8529411764705882
            },
            "tree generator (conti)": {
                "accuracy": 0.7761194029850746,
                "precision": 0.6842105263157895,
                "recall": 0.5909090909090909,
                "f1": 0.6341463414634148,
                "auc": 0.8347222222222223,
                "n_violation": 28,
                "n_rule": 34,
                "violation_rate": 0.8235294117647058
            },
            "linear svm (L)": {
                "accuracy": 0.3283582089552239,
                "precision": 0.3283582089552239,
                "recall": 1.0,
                "f1": 0.4943820224719101,
                "auc": 0.19772727272727272,
                "n_violation": 19,
                "n_rule": 34,
                "violation_rate": 0.5588235294117647
            },
            "non-linear svm (L)": {
                "accuracy": 0.7164179104477612,
                "precision": 0.5652173913043478,
                "recall": 0.5909090909090909,
                "f1": 0.5777777777777778,
                "auc": 0.7881313131313131,
                "n_violation": 25,
                "n_rule": 34,
                "violation_rate": 0.7352941176470589
            },
            "logistic regression (L)": {
                "accuracy": 0.7686567164179104,
                "precision": 0.7096774193548387,
                "recall": 0.5,
                "f1": 0.5866666666666667,
                "auc": 0.7936868686868686,
                "n_violation": 22,
                "n_rule": 34,
                "violation_rate": 0.6470588235294118
            },
            "linear svm": {
                "accuracy": 0.7686567164179104,
                "precision": 0.696969696969697,
                "recall": 0.5227272727272727,
                "f1": 0.5974025974025974,
                "auc": 0.8095959595959595,
                "n_violation": 30,
                "n_rule": 34,
                "violation_rate": 0.8823529411764706
            },
            "non-linear svm": {
                "accuracy": 0.8059701492537313,
                "precision": 0.8214285714285714,
                "recall": 0.5227272727272727,
                "f1": 0.6388888888888888,
                "auc": 0.8166666666666667,
                "n_violation": 30,
                "n_rule": 34,
                "violation_rate": 0.8823529411764706
            },
            "logistic regression": {
                "accuracy": 0.7761194029850746,
                "precision": 0.71875,
                "recall": 0.5227272727272727,
                "f1": 0.6052631578947368,
                "auc": 0.8214646464646465,
                "n_violation": 30,
                "n_rule": 34,
                "violation_rate": 0.8823529411764706
            }
        },
        "fold_1": {
            "RuleFit Classifier (disc)": {
                "accuracy": 0.7313432835820896,
                "precision": 0.7096774193548387,
                "recall": 0.4489795918367347,
                "f1": 0.5499999999999999,
                "auc": 0.7361344537815127,
                "n_violation": 33,
                "n_rule": 37,
                "violation_rate": 0.8918918918918919
            },
            "tree generator (disc)": {
                "accuracy": 0.6567164179104478,
                "precision": 0.5294117647058824,
                "recall": 0.5510204081632653,
                "f1": 0.54,
                "auc": 0.7020408163265306,
                "n_violation": 28,
                "n_rule": 37,
                "violation_rate": 0.7567567567567568
            },
            "RuleFit Classifier (conti)": {
                "accuracy": 0.664179104477612,
                "precision": 0.5454545454545454,
                "recall": 0.4897959183673469,
                "f1": 0.5161290322580645,
                "auc": 0.7394957983193278,
                "n_violation": 36,
                "n_rule": 37,
                "violation_rate": 0.972972972972973
            },
            "tree generator (conti)": {
                "accuracy": 0.7388059701492538,
                "precision": 0.675,
                "recall": 0.5510204081632653,
                "f1": 0.6067415730337078,
                "auc": 0.7651860744297718,
                "n_violation": 35,
                "n_rule": 37,
                "violation_rate": 0.9459459459459459
            },
            "linear svm (L)": {
                "accuracy": 0.373134328358209,
                "precision": 0.3684210526315789,
                "recall": 1.0,
                "f1": 0.5384615384615384,
                "auc": 0.7344537815126051,
                "n_violation": 23,
                "n_rule": 37,
                "violation_rate": 0.6216216216216216
            },
            "non-linear svm (L)": {
                "accuracy": 0.6865671641791045,
                "precision": 0.5555555555555556,
                "recall": 0.7142857142857143,
                "f1": 0.6250000000000001,
                "auc": 0.778391356542617,
                "n_violation": 28,
                "n_rule": 37,
                "violation_rate": 0.7567567567567568
            },
            "logistic regression (L)": {
                "accuracy": 0.6865671641791045,
                "precision": 0.6206896551724138,
                "recall": 0.3673469387755102,
                "f1": 0.4615384615384615,
                "auc": 0.7644657863145258,
                "n_violation": 24,
                "n_rule": 37,
                "violation_rate": 0.6486486486486487
            },
            "linear svm": {
                "accuracy": 0.7089552238805971,
                "precision": 0.6470588235294118,
                "recall": 0.4489795918367347,
                "f1": 0.5301204819277109,
                "auc": 0.7860744297719087,
                "n_violation": 34,
                "n_rule": 37,
                "violation_rate": 0.918918918918919
            },
            "non-linear svm": {
                "accuracy": 0.7164179104477612,
                "precision": 0.6774193548387096,
                "recall": 0.42857142857142855,
                "f1": 0.525,
                "auc": 0.7769507803121247,
                "n_violation": 34,
                "n_rule": 37,
                "violation_rate": 0.918918918918919
            },
            "logistic regression": {
                "accuracy": 0.7164179104477612,
                "precision": 0.6666666666666666,