,rule,type,coef,support,importance
3,Glucose_Low,linear,-1.0924830782633914,1.0,0.44847671282477264
5,Glucose_High,linear,1.2176530775481673,1.0,0.48152331936060966
12,BMI_Low,linear,-0.9880542764435946,1.0,0.46264185635134963
7920,Glucose_Low <= 0.5 & Glucose_Medium > 0.5 & DiabetesPedigreeFunction_Medium <= 0.5 & BloodPressure_High > 0.5 & SkinThickness_Low > 0.5,rule,-0.9726865624332418,0.043731778425655975,0.19891216644641685
11308,BMI_Low <= 0.5 & DiabetesPedigreeFunction_Low <= 0.5 & Pregnancies_Low <= 0.5 & Pregnancies_Medium <= 0.5,rule,0.9007556451310711,0.03235294117647059,0.15937579608214902
