,rule,type,coef,support,importance
5,Glucose_High,linear,1.2812171790612148,1.0,0.5103229785482652
12,BMI_Low,linear,-0.6271968969520805,1.0,0.2914174111512317
