,rule,type,coef,support,importance
3,Glucose_Low,linear,-1.2462534556399674,1.0,0.4963965406507177
5,Glucose_High,linear,1.362934451743321,1.0,0.5447919915886806
12,BMI_Low,linear,-0.666735046287821,1.0,0.3097882053581626
1352,Glucose_High <= 0.5 & Pregnancies_Low > 0.5 & Age_Low > 0.5 & BMI_Medium > 0.5 & DiabetesPedigreeFunction_Low > 0.5 & SkinThickness_Low <= 0.5,rule,-0.6832352721656905,0.09144542772861357,0.19693675869916077
