{
    "path": "./experiments/version_8",
    "source_paths": [
        "data/pima_indian_diabetes/diabetes_cleaned_normalized.csv",
        "data/pima_indian_diabetes/diabetes_discretized.csv"
    ],
    "experiment_name": "pima_indian_diabetes_cv_3",
    "seed": 42,
    "n_splits": 5,
    "n_unsupervised": 15,
    "c1": 10,
    "c2": 5,
    "result": {
        "fold_0": {
            "linear svm (L)": {
                "accuracy": 0.6417910447761194,
                "precision": 0.47297297297297297,
                "recall": 0.7954545454545454,
                "f1": 0.5932203389830508,
                "auc": 0.7578282828282829,
                "n_violation": 21,
                "n_rule": 34,
                "violation_rate": 0.6176470588235294
            },
            "non-linear svm (L)": {
                "accuracy": 0.6716417910447762,
                "precision": 0.5,
                "recall": 0.6818181818181818,
                "f1": 0.576923076923077,
                "auc": 0.7909090909090909,
                "n_violation": 26,
                "n_rule": 34,
                "violation_rate": 0.7647058823529411
            }
        },
        "fold_1": {
            "linear svm (L)": {
                "accuracy": 0.3656716417910448,
                "precision": 0.3656716417910448,
                "recall": 1.0,
                "f1": 0.53551912568306,
                "auc": 0.741656662665066,
                "n_violation": 22,
                "n_rule": 35,
                "violation_rate": 0.6285714285714286
            },
            "non-linear svm (L)": {
                "accuracy": 0.6940298507462687,
                "precision": 0.5689655172413793,
                "recall": 0.673469387755102,
                "f1": 0.6168224299065421,
                "auc": 0.7819927971188475,
                "n_violation": 26,
                "n_rule": 35,
                "violation_rate": 0.7428571428571429
            }
        },
        "fold_2": {
            "linear svm (L)": {
                "accuracy": 0.34328358208955223,
                "precision": 0.34328358208955223,
                "recall": 1.0,
                "f1": 0.5111111111111112,
                "auc": 0.21294466403162055,
                "n_violation": 24,
                "n_rule": 42,
                "violation_rate": 0.5714285714285714
            },
            "non-linear svm (L)": {
                "accuracy": 0.7313432835820896,
                "precision": 0.5833333333333334,
                "recall": 0.7608695652173914,
                "f1": 0.6603773584905662,
                "auc": 0.8191699604743082,
                "n_violation": 32,
                "n_rule": 42,
                "violation_rate": 0.7619047619047619
            }
        },
        "fold_3": {
            "linear svm (L)": {
                "accuracy": 0.23880597014925373,
                "precision": 0.23880597014925373,
                "recall": 1.0,
                "f1": 0.38554216867469876,
                "auc": 0.24264705882352944,
                "n_violation": 21,
                "n_rule": 36,
                "violation_rate": 0.5833333333333334
            },
            "non-linear svm (L)": {
                "accuracy": 0.7014925373134329,
                "precision": 0.4393939393939394,
                "recall": 0.90625,
                "f1": 0.5918367346938775,
                "auc": 0.8774509803921569,
                "n_violation": 25,
                "n_rule": 36,
                "violation_rate": 0.6944444444444444
            }
        },
        "fold_4": {
            "linear svm (L)": {
                "accuracy": 0.35074626865671643,
                "precision": 0.35074626865671643,
                "recall": 1.0,
                "f1": 0.5193370165745856,
                "auc": 0.2139887503056982,
                "n_violation": 17,
                "n_rule": 30,
                "violation_rate": 0.5666666666666667
            },
            "non-linear svm (L)": {
                "accuracy": 0.753731343283582,
                "precision": 0.6129032258064516,
                "recall": 0.8085106382978723,
                "f1": 0.6972477064220183,
                "auc": 0.8557104426510149,
                "n_violation": 15,
                "n_rule": 30,
                "violation_rate": 0.5
            }
        }
    }
}