{
    "path": "./experiments/version_15",
    "source_paths": [
        "data/pima_indian_diabetes/diabetes_cleaned_normalized.csv",
        "data/pima_indian_diabetes/diabetes_discretized.csv"
    ],
    "experiment_name": "pima_indian_diabetes_cv_4",
    "seed": 42,
    "n_splits": 5,
    "n_unsupervised": 100,
    "c1": 10,
    "c2": 10,
    "result": {
        "fold_0": {
            "linear svm (L)": {
                "accuracy": 0.3283582089552239,
                "precision": 0.3283582089552239,
                "recall": 1.0,
                "f1": 0.4943820224719101,
                "auc": 0.30707070707070705,
                "n_violation": 19,
                "n_rule": 34,
                "violation_rate": 0.5588235294117647
            },
            "non-linear svm (L)": {
                "accuracy": 0.6492537313432836,
                "precision": 0.47540983606557374,
                "recall": 0.6590909090909091,
                "f1": 0.5523809523809523,
                "auc": 0.7901515151515152,
                "n_violation": 23,
                "n_rule": 34,
                "violation_rate": 0.6764705882352942
            }
        },
        "fold_1": {
            "linear svm (L)": {
                "accuracy": 0.3283582089552239,
                "precision": 0.3153153153153153,
                "recall": 0.7142857142857143,
                "f1": 0.4375,
                "auc": 0.2547418967587035,
                "n_violation": 27,
                "n_rule": 37,
                "violation_rate": 0.7297297297297297
            },
            "non-linear svm (L)": {
                "accuracy": 0.6716417910447762,
                "precision": 0.543859649122807,
                "recall": 0.6326530612244898,
                "f1": 0.5849056603773586,
                "auc": 0.7668667466986794,
                "n_violation": 27,
                "n_rule": 37,
                "violation_rate": 0.7297297297297297
            }
        },
        "fold_2": {
            "linear svm (L)": {
                "accuracy": 0.7089552238805971,
                "precision": 0.5614035087719298,
                "recall": 0.6956521739130435,
                "f1": 0.6213592233009708,
                "auc": 0.7900197628458497,
                "n_violation": 27,
                "n_rule": 40,
                "violation_rate": 0.675
            },
            "non-linear svm (L)": {
                "accuracy": 0.7238805970149254,
                "precision": 0.5918367346938775,
                "recall": 0.6304347826086957,
                "f1": 0.6105263157894736,
                "auc": 0.804100790513834,
                "n_violation": 27,
                "n_rule": 40,
                "violation_rate": 0.675
            }
        },
        "fold_3": {
            "linear svm (L)": {
                "accuracy": 0.6268656716417911,
                "precision": 0.3783783783783784,
                "recall": 0.875,
                "f1": 0.5283018867924528,
                "auc": 0.8256740196078431,
                "n_violation": 24,
                "n_rule": 39,
                "violation_rate": 0.6153846153846154
            },
            "non-linear svm (L)": {
                "accuracy": 0.7388059701492538,
                "precision": 0.47368421052631576,
                "recall": 0.84375,
                "f1": 0.6067415730337079,
                "auc": 0.8814338235294117,
                "n_violation": 16,
                "n_rule": 39,
                "violation_rate": 0.41025641025641024
            }
        },
        "fold_4": {
            "linear svm (L)": {
                "accuracy": 0.35074626865671643,
                "precision": 0.35074626865671643,
                "recall": 1.0,
                "f1": 0.5193370165745856,
                "auc": 0.22450476889214963,
                "n_violation": 17,
                "n_rule": 30,
                "violation_rate": 0.5666666666666667
            },
            "non-linear svm (L)": {
                "accuracy": 0.7611940298507462,
                "precision": 0.6829268292682927,
                "recall": 0.5957446808510638,
                "f1": 0.6363636363636364,
                "auc": 0.8478845683541207,
                "n_violation": 17,
                "n_rule": 30,
                "violation_rate": 0.5666666666666667
            }
        }
    }
}