,rule,type,coef,support,importance
3,Glucose_Low,linear,-1.0913877452234124,1.0,0.4480270661702917
5,Glucose_High,linear,1.2197382525240292,1.0,0.4823479059315618
