,rule,type,coef,support,importance
3,Glucose_Low,linear,-1.3083676734895993,1.0,0.5387889191757832
5,Glucose_High,linear,1.1300962733579638,1.0,0.44525951982045553
10840,BMI_Low <= 0.5 & Glucose_Low <= 0.5 & Glucose_Medium <= 0.5 & DiabetesPedigreeFunction_High <= 0.5 & BloodPressure_Medium <= 0.5,rule,1.1721327335910274,0.045317220543806644,0.24380239719035288
