,rule,type,coef,support,importance
3,Glucose_Low,linear,-1.304996306173581,1.0,0.5374005820981044
5,Glucose_High,linear,1.130443142550248,1.0,0.44539618676966863
10909,BMI_Low <= 0.5 & Glucose_Low <= 0.5 & Glucose_Medium <= 0.5 & DiabetesPedigreeFunction_High <= 0.5 & BloodPressure_Medium <= 0.5,rule,1.1719327998892437,0.045317220543806644,0.2437608111870129
