,rule,type,coef,support,importance
3,Glucose_Low,linear,-1.2424117814813178,1.0,0.4948663593268219
5,Glucose_High,linear,1.3644564160488397,1.0,0.5454003509738805
