,rule,type,coef,support,importance
3,Glucose_Low,linear,-1.4009471651728067,1.0,0.5560197929571407
5,Glucose_High,linear,1.3331967422545163,1.0,0.5420275904697948
