,rule,type,coef,support,importance
3,Glucose_Low,linear,-1.0916425961516905,1.0,0.44813168537112746
5,Glucose_High,linear,1.2173281546639312,1.0,0.4813948279629871
