{
    "path": "./experiments/version_5",
    "source_paths": [
        "data/pima_indian_diabetes/diabetes_cleaned_normalized.csv",
        "data/pima_indian_diabetes/diabetes_discretized.csv"
    ],
    "experiment_name": "pima_indian_diabetes_cv_3",
    "seed": 42,
    "n_splits": 5,
    "n_unsupervised": 15,
    "c1": 10,
    "c2": 50,
    "result": {
        "fold_0": {
            "linear svm (L)": {
                "accuracy": 0.3358208955223881,
                "precision": 0.3308270676691729,
                "recall": 1.0,
                "f1": 0.4971751412429378,
                "auc": 0.4856060606060606,
                "n_violation": 19,
                "n_rule": 34,
                "violation_rate": 0.5588235294117647
            },
            "non-linear svm (L)": {
                "accuracy": 0.7388059701492538,
                "precision": 0.6,
                "recall": 0.6136363636363636,
                "f1": 0.6067415730337078,
                "auc": 0.7952020202020201,
                "n_violation": 27,
                "n_rule": 34,
                "violation_rate": 0.7941176470588235
            }
        },
        "fold_1": {
            "linear svm (L)": {
                "accuracy": 0.3656716417910448,
                "precision": 0.3656716417910448,
                "recall": 1.0,
                "f1": 0.53551912568306,
                "auc": 0.25762304921968787,
                "n_violation": 23,
                "n_rule": 37,
                "violation_rate": 0.6216216216216216
            },
            "non-linear svm (L)": {
                "accuracy": 0.6567164179104478,
                "precision": 0.5283018867924528,
                "recall": 0.5714285714285714,
                "f1": 0.5490196078431372,
                "auc": 0.7553421368547419,
                "n_violation": 26,
                "n_rule": 37,
                "violation_rate": 0.7027027027027027
            }
        },
        "fold_2": {
            "linear svm (L)": {
                "accuracy": 0.6567164179104478,
                "precision": 0.5,
                "recall": 0.8043478260869565,
                "f1": 0.6166666666666667,
                "auc": 0.7840909090909091,
                "n_violation": 23,
                "n_rule": 40,
                "violation_rate": 0.575
            },
            "non-linear svm (L)": {
                "accuracy": 0.7164179104477612,
                "precision": 0.5769230769230769,
                "recall": 0.6521739130434783,
                "f1": 0.6122448979591837,
                "auc": 0.8021245059288538,
                "n_violation": 25,
                "n_rule": 40,
                "violation_rate": 0.625
            }
        },
        "fold_3": {
            "linear svm (L)": {
                "accuracy": 0.7313432835820896,
                "precision": 0.46551724137931033,
                "recall": 0.84375,
                "f1": 0.6,
                "auc": 0.8575367647058825,
                "n_violation": 17,
                "n_rule": 37,
                "violation_rate": 0.4594594594594595
            },
            "non-linear svm (L)": {
                "accuracy": 0.6940298507462687,
                "precision": 0.43283582089552236,
                "recall": 0.90625,
                "f1": 0.5858585858585859,
                "auc": 0.8223039215686274,
                "n_violation": 28,
                "n_rule": 37,
                "violation_rate": 0.7567567567567568
            }
        },
        "fold_4": {
            "linear svm (L)": {
                "accuracy": 0.35074626865671643,
                "precision": 0.35074626865671643,
                "recall": 1.0,
                "f1": 0.5193370165745856,
                "auc": 0.28124235754463195,
                "n_violation": 17,
                "n_rule": 30,
                "violation_rate": 0.5666666666666667
            },
            "non-linear svm (L)": {
                "accuracy": 0.7686567164179104,
                "precision": 0.625,
                "recall": 0.851063829787234,
                "f1": 0.7207207207207208,
                "auc": 0.8738077769625825,
                "n_violation": 23,
                "n_rule": 30,
                "violation_rate": 0.7666666666666667
            }
        }
    }
}