,rule,support,confidence,lift
1,Glucose_High → Outcome,0.1380597014925373,0.7115384615384616,2.230319388214125
463,SkinThickness_Low Pregnancies_Low → Age_Low,0.1455223880597015,0.52,2.144
463,SkinThickness_Low Pregnancies_Low → BMI_Low,0.1455223880597015,0.52,2.144
464,SkinThickness_Low Age_Low → Pregnancies_Low,0.1455223880597015,0.503225806451613,2.210893707033316
464,SkinThickness_Low Age_Low → BMI_Low,0.1455223880597015,0.503225806451613,2.210893707033316
466,Pregnancies_Low BMI_Low → SkinThickness_Low,0.1455223880597015,0.639344262295082,2.210893707033316
466,Pregnancies_Low BMI_Low → Age_Low,0.1455223880597015,0.639344262295082,2.210893707033316
467,Age_Low BMI_Low → SkinThickness_Low,0.1455223880597015,0.6,2.144
467,Age_Low BMI_Low → Pregnancies_Low,0.1455223880597015,0.6,2.144
