{
    "path": "./experiments/result_1.json",
    "source_paths": [
        "data/pima_indian_diabetes/diabetes_cleaned_normalized.csv",
        "data/pima_indian_diabetes/diabetes_discretized.csv",
        "data/pima_indian_diabetes/rules_3.txt"
    ],
    "experiment_name": "pima_indian_diabetes_cv_1",
    "seed": 42,
    "n_splits": 5,
    "n_unsupervised": 15,
    "c1": 10,
    "c2": 10,
    "result": {
        "fold_0": {
            "linear svm": {
                "accuracy": 0.7686567164179104,
                "precision": 0.696969696969697,
                "recall": 0.5227272727272727,
                "f1": 0.5974025974025974,
                "auc": 0.8095959595959595,
                "n_violation": 20,
                "n_rule": 24,
                "violation_rate": 0.8333333333333334
            },
            "non-linear svm": {
                "accuracy": 0.8059701492537313,
                "precision": 0.8214285714285714,
                "recall": 0.5227272727272727,
                "f1": 0.6388888888888888,
                "auc": 0.8166666666666667,
                "n_violation": 20,
                "n_rule": 24,
                "violation_rate": 0.8333333333333334
            },
            "logistic regression": {
                "accuracy": 0.7761194029850746,
                "precision": 0.71875,
                "recall": 0.5227272727272727,
                "f1": 0.6052631578947368,
                "auc": 0.8214646464646465,
                "n_violation": 20,
                "n_rule": 24,
                "violation_rate": 0.8333333333333334
            },
            "linear svm (L)": {
                "accuracy": 0.6716417910447762,
                "precision": 0.5,
                "recall": 0.7954545454545454,
                "f1": 0.6140350877192983,
                "auc": 0.8047979797979798,
                "n_violation": 15,
                "n_rule": 24,
                "violation_rate": 0.625
            },
            "non-linear svm (L)": {
                "accuracy": 0.6940298507462687,
                "precision": 0.5283018867924528,
                "recall": 0.6363636363636364,
                "f1": 0.5773195876288659,
                "auc": 0.7883838383838384,
                "n_violation": 13,
                "n_rule": 24,
                "violation_rate": 0.5416666666666666
            },
            "logistic regression (L)": {
                "accuracy": 0.7686567164179104,
                "precision": 0.7241379310344828,
                "recall": 0.4772727272727273,
                "f1": 0.5753424657534246,
                "auc": 0.7999999999999999,
                "n_violation": 12,
                "n_rule": 24,
                "violation_rate": 0.5
            },
            "RuleFit Classifier (disc)": {
                "accuracy": 0.7761194029850746,
                "precision": 0.7333333333333333,
                "recall": 0.5,
                "f1": 0.5945945945945945,
                "auc": 0.8353535353535353,
                "n_violation": 17,
                "n_rule": 24,
                "violation_rate": 0.7083333333333334
            },
            "tree generator (disc)": {
                "accuracy": 0.7761194029850746,
                "precision": 0.675,
                "recall": 0.6136363636363636,
                "f1": 0.6428571428571429,
                "auc": 0.8170454545454545,
                "n_violation": 17,
                "n_rule": 24,
                "violation_rate": 0.7083333333333334
            },
            "RuleFit Classifier (conti)": {
                "accuracy": 0.746268656716418,
                "precision": 0.631578947368421,
                "recall": 0.5454545454545454,
                "f1": 0.5853658536585366,
                "auc": 0.7972222222222222,
                "n_violation": 20,
                "n_rule": 24,
                "violation_rate": 0.8333333333333334
            },
            "tree generator (conti)": {
                "accuracy": 0.7761194029850746,
                "precision": 0.6842105263157895,
                "recall": 0.5909090909090909,
                "f1": 0.6341463414634148,
                "auc": 0.8347222222222223,
                "n_violation": 16,
                "n_rule": 24,
                "violation_rate": 0.6666666666666666
            }
        },
        "fold_1": {
            "linear svm": {
                "accuracy": 0.7089552238805971,
                "precision": 0.6470588235294118,
                "recall": 0.4489795918367347,
                "f1": 0.5301204819277109,
                "auc": 0.7860744297719087,
                "n_violation": 21,
                "n_rule": 24,
                "violation_rate": 0.875
            },
            "non-linear svm": {
                "accuracy": 0.7164179104477612,
                "precision": 0.6774193548387096,
                "recall": 0.42857142857142855,
                "f1": 0.525,
                "auc": 0.7769507803121247,
                "n_violation": 21,
                "n_rule": 24,
                "violation_rate": 0.875
            },
            "logistic regression": {
                "accuracy": 0.7164179104477612,
                "precision": 0.6666666666666666,
                "recall": 0.4489795918367347,
                "f1": 0.5365853658536586,
                "auc": 0.7815126050420168,
                "n_violation": 21,
                "n_rule": 24,
                "violation_rate": 0.875
            },
            "linear svm (L)": {
                "accuracy": 0.6044776119402985,
                "precision": 0.46774193548387094,
                "recall": 0.5918367346938775,
                "f1": 0.5225225225225224,
                "auc": 0.683313325330132,
                "n_violation": 16,
                "n_rule": 24,
                "violation_rate": 0.6666666666666666
            },
            "non-linear svm (L)": {
                "accuracy": 0.6791044776119403,
                "precision": 0.5454545454545454,
                "recall": 0.7346938775510204,
                "f1": 0.6260869565217392,
                "auc": 0.7558223289315726,
                "n_violation": 14,
                "n_rule": 24,
                "violation_rate": 0.5833333333333334
            },
            "logistic regression (L)": {
                "accuracy": 0.664179104477612,
                "precision": 0.5666666666666667,
                "recall": 0.3469387755102041,
                "f1": 0.43037974683544306,
                "auc": 0.7618247298919567,
                "n_violation": 17,
                "n_rule": 24,
                "violation_rate": 0.7083333333333334
            },
            "RuleFit Classifier (disc)": {
                "accuracy": 0.7313432835820896,
                "precision": 0.7096774193548387,
                "recall": 0.4489795918367347,
                "f1": 0.5499999999999999,
                "auc": 0.736374549819928,
                "n_violation": 17,
                "n_rule": 24,
                "violation_rate": 0.7083333333333334
            },
            "tree generator (disc)": {
                "accuracy": 0.6567164179104478,
                "precision": 0.5294117647058824,
                "recall": 0.5510204081632653,
                "f1": 0.54,
                "auc": 0.7020408163265306,
                "n_violation": 17,
                "n_rule": 24,
                "violation_rate": 0.7083333333333334
            },
            "RuleFit Classifier (conti)": {
                "accuracy": 0.664179104477612,
                "precision": 0.5454545454545454,
                "recall": 0.4897959183673469,
                "f1": 0.5161290322580645,
                "auc": 0.7394957983193278,
                "n_violation": 22,
                "n_rule": 24,
                "violation_rate": 0.9166666666666666
            },
            "tree generator (conti)": {
                "accuracy": 0.7388059701492538,
                "precision": 0.675,