{
    "path": "./experiments/version_40",
    "source_paths": [
        "data/pima_indian_diabetes/diabetes_cleaned_normalized.csv",
        "data/pima_indian_diabetes/diabetes_discretized.csv"
    ],
    "experiment_name": "pima_indian_diabetes_cv_4",
    "seed": 42,
    "n_splits": 5,
    "n_unsupervised": 15,
    "c1": 10,
    "c2": 10,
    "rule_thr": 0.2,
    "result": {
        "fold_0": {
            "RuleFit Classifier (disc)": {
                "accuracy": 0.7761194029850746,
                "precision": 0.7333333333333333,
                "recall": 0.5,
                "f1": 0.5945945945945945,
                "auc": 0.8366161616161616,
                "n_violation": 15,
                "n_rule": 17,
                "violation_rate": 0.8823529411764706
            },
            "tree generator (disc)": {
                "accuracy": 0.7761194029850746,
                "precision": 0.675,
                "recall": 0.6136363636363636,
                "f1": 0.6428571428571429,
                "auc": 0.8170454545454545,
                "n_violation": 14,
                "n_rule": 17,
                "violation_rate": 0.8235294117647058
            },
            "RuleFit Classifier (conti)": {
                "accuracy": 0.746268656716418,
                "precision": 0.631578947368421,
                "recall": 0.5454545454545454,
                "f1": 0.5853658536585366,
                "auc": 0.7972222222222222,
                "n_violation": 16,
                "n_rule": 17,
                "violation_rate": 0.9411764705882353
            },
            "tree generator (conti)": {
                "accuracy": 0.7761194029850746,
                "precision": 0.6842105263157895,
                "recall": 0.5909090909090909,
                "f1": 0.6341463414634148,
                "auc": 0.8347222222222223,
                "n_violation": 15,
                "n_rule": 17,
                "violation_rate": 0.8823529411764706
            },
            "linear svm (L)": {
                "accuracy": 0.6865671641791045,
                "precision": 0.5147058823529411,
                "recall": 0.7954545454545454,
                "f1": 0.625,
                "auc": 0.795959595959596,
                "n_violation": 13,
                "n_rule": 17,
                "violation_rate": 0.7647058823529411
            },
            "non-linear svm (L)": {
                "accuracy": 0.6791044776119403,
                "precision": 0.5074626865671642,
                "recall": 0.7727272727272727,
                "f1": 0.6126126126126127,
                "auc": 0.7929292929292929,
                "n_violation": 14,
                "n_rule": 17,
                "violation_rate": 0.8235294117647058
            },
            "logistic regression (L)": {
                "accuracy": 0.7985074626865671,
                "precision": 0.8148148148148148,
                "recall": 0.5,
                "f1": 0.6197183098591549,
                "auc": 0.788888888888889,
                "n_violation": 10,
                "n_rule": 17,
                "violation_rate": 0.5882352941176471
            },
            "linear svm": {
                "accuracy": 0.7686567164179104,
                "precision": 0.696969696969697,
                "recall": 0.5227272727272727,
                "f1": 0.5974025974025974,
                "auc": 0.8095959595959595,
                "n_violation": 16,
                "n_rule": 17,
                "violation_rate": 0.9411764705882353
            },
            "non-linear svm": {
                "accuracy": 0.8059701492537313,
                "precision": 0.8214285714285714,
                "recall": 0.5227272727272727,
                "f1": 0.6388888888888888,
                "auc": 0.8166666666666667,
                "n_violation": 16,
                "n_rule": 17,
                "violation_rate": 0.9411764705882353
            },
            "logistic regression": {
                "accuracy": 0.7761194029850746,
                "precision": 0.71875,
                "recall": 0.5227272727272727,
                "f1": 0.6052631578947368,
                "auc": 0.8214646464646465,
                "n_violation": 16,
                "n_rule": 17,
                "violation_rate": 0.9411764705882353
            }
        },
        "fold_1": {
            "RuleFit Classifier (disc)": {
                "accuracy": 0.7313432835820896,
                "precision": 0.7096774193548387,
                "recall": 0.4489795918367347,
                "f1": 0.5499999999999999,
                "auc": 0.736374549819928,
                "n_violation": 16,
                "n_rule": 19,
                "violation_rate": 0.8421052631578947
            },
            "tree generator (disc)": {
                "accuracy": 0.6567164179104478,
                "precision": 0.5294117647058824,
                "recall": 0.5510204081632653,
                "f1": 0.54,
                "auc": 0.7020408163265306,
                "n_violation": 16,
                "n_rule": 19,
                "violation_rate": 0.8421052631578947
            },
            "RuleFit Classifier (conti)": {
                "accuracy": 0.664179104477612,
                "precision": 0.5454545454545454,
                "recall": 0.4897959183673469,
                "f1": 0.5161290322580645,
                "auc": 0.7394957983193278,
                "n_violation": 19,
                "n_rule": 19,
                "violation_rate": 1.0
            },
            "tree generator (conti)": {
                "accuracy": 0.7388059701492538,
                "precision": 0.675,
                "recall": 0.5510204081632653,
                "f1": 0.6067415730337078,
                "auc": 0.7651860744297718,
                "n_violation": 18,
                "n_rule": 19,
                "violation_rate": 0.9473684210526315
            },
            "linear svm (L)": {
                "accuracy": 0.3656716417910448,
                "precision": 0.3656716417910448,
                "recall": 1.0,
                "f1": 0.53551912568306,
                "auc": 0.7152460984393758,
                "n_violation": 13,
                "n_rule": 19,
                "violation_rate": 0.6842105263157895
            },
            "non-linear svm (L)": {
                "accuracy": 0.6716417910447762,
                "precision": 0.5396825396825397,
                "recall": 0.6938775510204082,
                "f1": 0.6071428571428572,
                "auc": 0.7776710684273709,
                "n_violation": 14,
                "n_rule": 19,
                "violation_rate": 0.7368421052631579
            },
            "logistic regression (L)": {
                "accuracy": 0.6865671641791045,
                "precision": 0.6206896551724138,
                "recall": 0.3673469387755102,
                "f1": 0.4615384615384615,
                "auc": 0.7642256902761104,
                "n_violation": 11,
                "n_rule": 19,
                "violation_rate": 0.5789473684210527
            },
            "linear svm": {
                "accuracy": 0.7089552238805971,
                "precision": 0.6470588235294118,
                "recall": 0.4489795918367347,
                "f1": 0.5301204819277109,
                "auc": 0.7860744297719087,
                "n_violation": 18,
                "n_rule": 19,
                "violation_rate": 0.9473684210526315
            },
            "non-linear svm": {
                "accuracy": 0.7164179104477612,
                "precision": 0.6774193548387096,
                "recall": 0.42857142857142855,
                "f1": 0.525,
                "auc": 0.7769507803121247,
                "n_violation": 18,
                "n_rule": 19,
                "violation_rate": 0.9473684210526315
            },
            "logistic regression": {
                "accuracy": 0.7164179104477612,
                "precision": 0.6666666666666666,