,antecedents,consequents,antecedent support,consequent support,support,confidence,lift,leverage,conviction,zhangs_metric
1,'Glucose_High','Outcome',0.19402985074626866,0.31902985074626866,0.13805970149253732,0.7115384615384616,2.230319388214125,0.07615838716863445,2.3606965174129355,0.6844344344344344
463,"'SkinThickness_Low', 'Pregnancies_Low'","'Age_Low', 'BMI_Low'",0.2798507462686567,0.24253731343283583,0.1455223880597015,0.52,2.144,0.0776481398975273,1.578047263681592,0.7409326424870466
464,"'SkinThickness_Low', 'Age_Low'","'Pregnancies_Low', 'BMI_Low'",0.2891791044776119,0.22761194029850745,0.1455223880597015,0.503225806451613,2.210893707033316,0.07970177099576745,1.5548071331653421,0.7705094555488258
466,"'Pregnancies_Low', 'BMI_Low'","'SkinThickness_Low', 'Age_Low'",0.22761194029850745,0.2891791044776119,0.1455223880597015,0.639344262295082,2.210893707033316,0.07970177099576745,1.970912483039349,0.7090920351789919
467,"'Age_Low', 'BMI_Low'","'SkinThickness_Low', 'Pregnancies_Low'",0.24253731343283583,0.2798507462686567,0.1455223880597015,0.6,2.144,0.0776481398975273,1.8003731343283582,0.7044334975369458
