,antecedents,consequents,antecedent support,consequent support,support,confidence,lift,leverage,conviction,zhangs_metric
1,'Glucose_High','Outcome',0.19776119402985073,0.3208955223880597,0.13992537313432835,0.7075471698113207,2.204914436156209,0.07646469146803296,2.322099181511796,0.6811782945736434
435,"'Pregnancies_Low', 'BMI_Low'","'SkinThickness_Low', 'Age_Low'",0.21082089552238806,0.27798507462686567,0.125,0.5929203539823009,2.132921541842371,0.06639493762530631,1.7736453601557431,0.6730531738470766
