,antecedents,consequents,antecedent support,consequent support,support,confidence,lift,leverage,conviction,zhangs_metric
1,'Glucose_High','Outcome',0.1921641791044776,0.31529850746268656,0.1417910447761194,0.7378640776699029,2.3402079623140115,0.08120196591668521,2.6120093974571583,0.708915765163486
460,"'SkinThickness_Low', 'Pregnancies_Low'","'Age_Low', 'BMI_Low'",0.2798507462686567,0.25,0.1417910447761194,0.5066666666666667,2.026666666666667,0.07182835820895522,1.5202702702702704,0.7034360512680665
462,"'Pregnancies_Low', 'BMI_Low'","'SkinThickness_Low', 'Age_Low'",0.22574626865671643,0.2966417910447761,0.1417910447761194,0.6280991735537189,2.1173657674515303,0.07482526732011582,1.8912520729684905,0.681578947368421
463,"'Age_Low', 'BMI_Low'","'SkinThickness_Low', 'Pregnancies_Low'",0.25,0.2798507462686567,0.1417910447761194,0.5671641791044776,2.026666666666667,0.07182835820895522,1.6637931034482758,0.6754385964912281
667,"'DiabetesPedigreeFunction_Low', 'Age_Low', 'BMI_Low'","'SkinThickness_Low', 'Pregnancies_Low'",0.16791044776119404,0.2798507462686567,0.10074626865671642,0.6,2.144,0.05375640454444197,1.8003731343283582,0.641255605381166
668,"'SkinThickness_Low', 'DiabetesPedigreeFunction_Low', 'Age_Low'","'Pregnancies_Low', 'BMI_Low'",0.19029850746268656,0.22574626865671643,0.10074626865671642,0.5294117647058824,2.3451628585318423,0.05778709066607262,1.6452891791044777,0.7083973374295955
670,"'Pregnancies_Low', 'DiabetesPedigreeFunction_Low', 'BMI_Low'","'SkinThickness_Low', 'Age_Low'",0.14925373134328357,0.2966417910447761,0.10074626865671642,0.675,2.2754716981132077,0.05647137447092894,2.1641791044776126,0.658869395711501
671,"'SkinThickness_Low', 'Pregnancies_Low', 'DiabetesPedigreeFunction_Low'","'Age_Low', 'BMI_Low'",0.1828358208955224,0.25,0.10074626865671642,0.5510204081632653,2.204081632653061,0.05503731343283582,1.6704545454545452,0.6685269744630475
