,antecedents,consequents,antecedent support,consequent support,support,confidence,lift,leverage,conviction,zhangs_metric
1,'Glucose_High','Outcome',0.208955223880597,0.34701492537313433,0.15298507462686567,0.7321428571428572,2.109831029185868,0.08047449320561373,2.4378109452736325,0.664979291302347
92,"'Glucose_High', 'BMI_Medium'",'Outcome',0.13805970149253732,0.34701492537313433,0.1044776119402985,0.7567567567567567,2.180761406567858,0.05656883492982846,2.684494195688225,0.6281694495980209
94,'Glucose_High',"'BMI_Medium', 'Outcome'",0.208955223880597,0.23507462686567165,0.1044776119402985,0.5,2.126984126984127,0.05535754065493428,1.5298507462686568,0.6698113207547168
445,"'Pregnancies_Low', 'BMI_Low'","'SkinThickness_Low', 'Age_Low'",0.23134328358208955,0.29850746268656714,0.1417910447761194,0.6129032258064516,2.053225806451613,0.07273334818445087,1.8121890547263684,0.6673479816044967
