,antecedents,consequents,antecedent support,consequent support,support,confidence,lift,leverage,conviction,zhangs_metric
2,'Glucose_High','Outcome',0.19962686567164178,0.3246268656716418,0.14365671641791045,0.719626168224299,2.2167794607369213,0.07885247271107151,2.408830845771144,0.6857990494354131
471,"'Pregnancies_Low', 'BMI_Low'","'SkinThickness_Low', 'Age_Low'",0.21641791044776118,0.292910447761194,0.13992537313432835,0.646551724137931,2.207335822534593,0.07653430608153262,2.000546050236622,0.6980317460317459
472,"'Age_Low', 'BMI_Low'","'SkinThickness_Low', 'Pregnancies_Low'",0.23507462686567165,0.2873134328358209,0.13992537313432835,0.5952380952380951,2.0717377860235,0.07238527511695253,1.7607550482879715,0.6762926829268291
642,"'Glucose_Medium', 'Age_Low', 'BMI_Low'","'SkinThickness_Low', 'Pregnancies_Low'",0.16791044776119404,0.2873134328358209,0.10074626865671642,0.6,2.088311688311688,0.05250334150144798,1.7817164179104477,0.6263079222720479
643,"'SkinThickness_Low', 'Glucose_Medium', 'Age_Low'","'Pregnancies_Low', 'BMI_Low'",0.19776119402985073,0.21641791044776118,0.10074626865671642,0.5094339622641509,2.353936239427456,0.057947204277121855,1.5973019517795637,0.7169681309216193
646,"'Glucose_Medium', 'Pregnancies_Low', 'BMI_Low'","'SkinThickness_Low', 'Age_Low'",0.15298507462686567,0.292910447761194,0.10074626865671642,0.6585365853658537,2.248252291440112,0.055935341946981514,2.070762260127932,0.6554902920541689
647,"'SkinThickness_Low', 'Glucose_Medium', 'Pregnancies_Low'","'Age_Low', 'BMI_Low'",0.1958955223880597,0.23507462686567165,0.10074626865671642,0.5142857142857142,2.187755102040816,0.054696201826687454,1.5748463564530288,0.6751740139211136
