,rule,type,coef,support,importance
5,Glucose_High,linear,1.280783723594662,1.0,0.5101503284399351
12,BMI_Low,linear,-0.6274656515012854,1.0,0.2915422838273323
