,rule,type,coef,support,importance
3,Glucose_Low,linear,-1.2373072034275114,1.0,0.49283314940798567
5,Glucose_High,linear,1.3671373196034278,1.0,0.546471961413321
12,BMI_Low,linear,-0.6640894840024353,1.0,0.30855898544972077
1350,Glucose_High <= 0.5 & Pregnancies_Low > 0.5 & Age_Low > 0.5 & BMI_Medium > 0.5 & DiabetesPedigreeFunction_Low > 0.5 & SkinThickness_Low <= 0.5,rule,-0.6806867269072288,0.09144542772861357,0.1962021621947844
