,rule,type,coef,support,importance
3,Glucose_Low,linear,-1.2424117814813178,1.0,0.4948663593268219
5,Glucose_High,linear,1.3644564160488397,1.0,0.5454003509738805
12,BMI_Low,linear,-0.665106858786937,1.0,0.30903169302737427
1349,Glucose_High <= 0.5 & Pregnancies_Low > 0.5 & Age_Low > 0.5 & BMI_Medium > 0.5 & DiabetesPedigreeFunction_Low > 0.5 & SkinThickness_Low <= 0.5,rule,-0.6800039980430709,0.09144542772861357,0.19600537140388827
