,rule,type,coef,support,importance
3,Glucose_Low,linear,-1.2447932122074394,1.0,0.4958149095345636
5,Glucose_High,linear,1.3655240842661318,1.0,0.5458271191825134
