,rule,type,coef,support,importance
3,Glucose_Low,linear,-1.0894791707941371,1.0,0.4472435746881322
5,Glucose_High,linear,1.2204540119446545,1.0,0.48263095441099985
