,rule,type,coef,support,importance
3,Glucose_Low,linear,-1.3084607427540595,1.0,0.538827245320202
5,Glucose_High,linear,1.129535634281251,1.0,0.445038627236368
10907,BMI_Low <= 0.5 & Glucose_Low <= 0.5 & Glucose_Medium <= 0.5 & DiabetesPedigreeFunction_High <= 0.5 & BloodPressure_Medium <= 0.5,rule,1.1716529320016469,0.045317220543806644,0.2437025989556356
