,rule,type,coef,support,importance
3,Glucose_Low,linear,-1.3970754078147265,1.0,0.5544831370588046
5,Glucose_High,linear,1.3328142033250798,1.0,0.541872064546567
