,rule,type,coef,support,importance
3,Glucose_Low,linear,-1.3926551170259553,1.0,0.5527287745601448
5,Glucose_High,linear,1.3339385074995895,1.0,0.5423291642853753
