,rule,type,coef,support,importance
3,Glucose_Low,linear,-1.0916425961516905,1.0,0.44813168537112746
5,Glucose_High,linear,1.2173281546639312,1.0,0.4813948279629871
12,BMI_Low,linear,-0.9891847467469895,1.0,0.4631711824138765
7916,Glucose_Low <= 0.5 & Glucose_Medium > 0.5 & DiabetesPedigreeFunction_Medium <= 0.5 & BloodPressure_High > 0.5 & SkinThickness_Low > 0.5,rule,-0.9727461616515505,0.043731778425655975,0.19892435434958128
11292,BMI_Low <= 0.5 & DiabetesPedigreeFunction_Low <= 0.5 & Pregnancies_Low <= 0.5 & Pregnancies_Medium <= 0.5,rule,0.9041802379738704,0.03235294117647059,0.15998172868277005
