,rule,type,coef,support,importance
3,Glucose_Low,linear,-1.2373072034275114,1.0,0.49283314940798567
5,Glucose_High,linear,1.3671373196034278,1.0,0.546471961413321
