,rule,type,coef,support,importance
3,Glucose_Low,linear,-1.3926551170259553,1.0,0.5527287745601448
5,Glucose_High,linear,1.3339385074995895,1.0,0.5423291642853753
12,BMI_Low,linear,-0.5849388575176577,1.0,0.2722141435101632
469,Glucose_High <= 0.5 & Glucose_Low <= 0.5 & BloodPressure_High > 0.5 & SkinThickness_Low > 0.5 & BMI_Medium > 0.5 & DiabetesPedigreeFunction_Low > 0.5,rule,-0.4497017251379075,0.014970059880239521,0.05460859940391956
487,Glucose_High > 0.5 & DiabetesPedigreeFunction_Low <= 0.5 & BMI_Low <= 0.5 & Age_Medium <= 0.5 & SkinThickness_High <= 0.5 & Pregnancies_Medium <= 0.5,rule,0.4299237143958143,0.02694610778443114,0.06961580823916366
2360,BMI_Low > 0.5 & Age_Medium <= 0.5 & Pregnancies_Low > 0.5 & BloodPressure_Low > 0.5,rule,-0.5552466174026142,0.07669616519174041,0.14775597976211388
4190,BMI_Low > 0.5 & Age_Medium <= 0.5 & DiabetesPedigreeFunction_Low <= 0.5 & Pregnancies_Medium <= 0.5,rule,-0.4901902539419693,0.0771513353115727,0.13079816159562888
10939,Age_Low <= 0.5 & BMI_High <= 0.5 & BloodPressure_High > 0.5 & Pregnancies_Medium <= 0.5 & Pregnancies_High <= 0.5,rule,0.5572856333583853,0.014970059880239521,0.06767282890964019
