,rule,type,coef,support,importance
3,Glucose_Low,linear,-1.241302038516781,1.0,0.4944243364252086
5,Glucose_High,linear,1.3642958885145302,1.0,0.5453361849275902
